,pid,interventionName,surveyTime,perceived_diff,physio_diff,intervention_preference,intervention_effectiveness
158,4.0,나를 지켜줘,1753085718058.646,0.0,30.609741999598867,2.0,2.0
237,10.0,지금 듣고 싶은 말,1753087497470.484,0.0,0.5833077407991141,2.0,2.0
42,10.0,화 먹는 요정,1753088833661.119,1.0,19.24019647663352,2.0,2.0
35,17.0,화 먹는 요정,1753088846292.006,1.0,0.16170275787790445,3.0,3.0
89,14.0,"지금, 나 때문일까?",1753089476754.676,2.0,18.29725386411097,4.0,4.0
108,10.0,"지금, 나 때문일까?",1753089617523.9512,0.0,8.07591042793834,3.0,2.0
125,17.0,스트레칭,1753089668358.417,1.0,87.82231361444995,3.0,3.0
171,17.0,당 충전하기,1753089913454.6309,1.0,8.628633213557563,3.0,3.0
257,12.0,지금 듣고 싶은 말,1753090366851.1072,-1.0,-11.922644901820526,4.0,3.0
325,6.0,화 먹는 요정,1753091173006.699,0.0,84.8043850837685,2.0,2.0
162,10.0,스트레칭,1753092570455.6648,0.0,-67.95407347320588,4.0,3.0
213,14.0,나를 지켜줘,1753092879160.467,-1.0,-35.82486583447844,4.0,4.0
221,3.0,호흡하기,1753092921281.927,0.0,-4.584256676610551,4.0,4.0
258,10.0,나 잘했지?,1753093447395.765,0.0,114.14663114085113,3.0,3.0
295,11.0,나 잘했지?,1753093621244.677,0.0,230.07964537952387,3.0,3.0
137,10.0,지금 듣고 싶은 말,1753095656125.828,-1.0,67.63543238130241,2.0,2.0
163,11.0,"지금, 나 때문일까?",1753095784055.371,-1.0,-36.03002147944537,2.0,2.0
284,15.0,화 먹는 요정,1753096650773.59,-1.0,-170.11187887759974,4.0,4.0
296,4.0,스트레칭,1753096708881.957,-2.0,-20.387897753622482,3.0,4.0
327,15.0,화 먹는 요정,1753097178729.3508,-1.0,77.01970825705754,4.0,4.0
39,20.0,나를 지켜줘,1753097256723.9082,-2.0,-174.9728873528931,4.0,4.0
151,14.0,"지금, 나 때문일까?",1753098090839.695,1.0,17.236773934913032,4.0,4.0
175,18.0,당 충전하기,1753098520957.687,0.0,1.3770313115969373,1.0,1.0
290,2.0,"지금, 나 때문일까?",1753099511845.8938,-1.0,193.0596682216904,3.0,3.0
305,20.0,당 충전하기,1753099561330.921,0.0,-8.255905498843603,4.0,4.0
177,6.0,나 잘했지?,1753101801849.3408,0.0,-55.684107664470474,3.0,3.0
195,12.0,당 충전하기,1753101810320.981,-2.0,-14.378615695655157,3.0,3.0
243,1.0,지금 듣고 싶은 말,1753102040665.016,-1.0,-19.36719636745974,2.0,2.0
130,20.0,당 충전하기,1753102853056.3818,-1.0,293.84546054272016,4.0,4.0
263,4.0,화 먹는 요정,1753103712532.79,0.0,13.220758080230155,2.0,3.0
310,9.0,스트레칭,1753104391140.3389,1.0,19.33832755894056,4.0,4.0
152,2.0,지금 듣고 싶은 말,1753104540116.546,-1.0,-66.23371179679442,5.0,5.0
143,8.0,지금 듣고 싶은 말,1753104958873.574,0.0,-38.41342184525999,2.0,2.0
6,2.0,화 먹는 요정,1753105269585.503,-1.0,-112.73088387755368,5.0,5.0
339,6.0,지금 듣고 싶은 말,1753105773836.5251,0.0,-29.013763900933156,3.0,3.0
340,7.0,나를 지켜줘,1753105777900.4429,0.0,52.93106049585808,3.0,3.0
21,16.0,화 먹는 요정,1753105848500.012,0.0,21.4237673179868,3.0,3.0
69,7.0,나 잘했지?,1753106603782.157,2.0,57.63667911221572,3.0,3.0
282,8.0,"지금, 나 때문일까?",1753106809597.175,1.0,12.299761744781051,3.0,3.0
292,7.0,호흡하기,1753107238957.3362,1.0,-25.971420401078326,3.0,3.0
383,2.0,"지금, 나 때문일까?",1753107499901.887,-1.0,199.81794826132426,5.0,5.0
41,7.0,스트레칭,1753107674741.439,0.0,91.70118201983833,4.0,4.0
46,15.0,"지금, 나 때문일까?",1753107827067.124,-3.0,25.85581490772782,3.0,3.0
52,8.0,"지금, 나 때문일까?",1753108254841.75,-1.0,-7.621913637635039,2.0,2.0
91,15.0,나를 지켜줘,1753109649219.681,-3.0,30.56022543769012,5.0,5.0
421,7.0,"지금, 나 때문일까?",1753109768941.345,-3.0,-49.45737618858306,3.0,3.0
97,13.0,"지금, 나 때문일까?",1753110118055.795,0.0,-106.67241558285204,1.0,1.0
144,7.0,화 먹는 요정,1753110252929.033,1.0,24.922700907187178,3.0,3.0
427,11.0,지금 듣고 싶은 말,1753111337452.17,-2.0,189.46629194057516,3.0,3.0
444,18.0,나를 지켜줘,1753112340183.825,0.0,-108.64461253748688,1.0,1.0
451,8.0,화 먹는 요정,1753113020406.812,-1.0,-26.79724471071713,3.0,3.0
453,10.0,나를 지켜줘,1753113104066.465,-1.0,-10.917565469236536,3.0,3.0
465,6.0,"지금, 나 때문일까?",1753114650624.855,-1.0,-9.673390235374235,3.0,3.0
469,12.0,나를 지켜줘,1753114909111.1082,-1.0,11.268694689086175,4.0,4.0
474,11.0,당 충전하기,1753115470490.7651,-3.0,-103.13936587886991,3.0,3.0
479,3.0,당 충전하기,1753115578602.545,-1.0,-10.67029257146151,4.0,3.0
481,9.0,나 잘했지?,1753115667398.381,1.0,279.2896637765691,4.0,4.0
482,8.0,호흡하기,1753115706830.651,0.0,33.45162786564767,4.0,4.0
484,4.0,지금 듣고 싶은 말,1753115956992.6348,-1.0,-24.417477440587668,3.0,3.0
487,10.0,당 충전하기,1753116530262.384,-1.0,1.7610724935469477,3.0,3.0
489,9.0,화 먹는 요정,1753116645669.877,2.0,28.553833773696837,3.0,3.0
496,9.0,당 충전하기,1753117166304.721,2.0,10.33992743054469,5.0,5.0
509,7.0,지금 듣고 싶은 말,1753119855753.026,-2.0,50.71566969144592,3.0,3.0
519,13.0,당 충전하기,1753120725380.08,0.0,-20.359947598523675,1.0,1.0
485,19.0,나를 지켜줘,1753121587848.951,-1.0,-68.10382883417037,3.0,2.0
535,13.0,나를 지켜줘,1753123347279.422,-1.0,47.62274472162916,3.0,4.0
537,19.0,나 잘했지?,1753123487246.08,0.0,-19.388340793193656,2.0,2.0
542,13.0,당 충전하기,1753126023972.0698,-1.0,48.161499341959185,3.0,2.0
575,10.0,지금 듣고 싶은 말,1753174879530.314,0.0,-11.17326094923471,2.0,2.0
584,17.0,지금 듣고 싶은 말,1753175351135.91,0.0,-50.28422844990669,3.0,3.0
594,8.0,지금 듣고 싶은 말,1753175716783.747,0.0,-19.12313203657788,3.0,3.0
596,17.0,나를 지켜줘,1753175731399.263,0.0,-41.49488522798037,3.0,3.0
598,10.0,나를 지켜줘,1753175751736.631,1.0,1.0764449227057185,3.0,3.0
601,13.0,스트레칭,1753175903393.434,2.0,69.86008368542252,2.0,2.0
609,13.0,화 먹는 요정,1753176320521.353,0.0,6.884538784290584,3.0,2.0
618,17.0,화 먹는 요정,1753176470155.994,0.0,-30.699884674660787,3.0,3.0
669,11.0,스트레칭,1753177086423.34,-3.0,-102.20654616338635,4.0,3.0
677,17.0,"지금, 나 때문일까?",1753177313285.64,1.0,10.61831128319568,3.0,3.0
687,9.0,"지금, 나 때문일까?",1753177752013.695,0.0,-9.10054167630371,3.0,3.0
694,20.0,나 잘했지?,1753177962987.68,-1.0,-34.226469997112574,4.0,4.0
703,2.0,스트레칭,1753178452207.145,-2.0,46.746202379165034,5.0,5.0
546,8.0,나 잘했지?,1753178699241.836,-2.0,14.164144352448886,3.0,2.0
714,13.0,지금 듣고 싶은 말,1753179577048.68,0.0,-148.19250426602954,2.0,2.0
718,13.0,"지금, 나 때문일까?",1753179829628.144,0.0,-59.42204629919641,2.0,2.0
720,9.0,나 잘했지?,1753180236469.751,0.0,14.586419760302842,3.0,3.0
724,20.0,스트레칭,1753180403510.0852,-1.0,-4.187374271748169,4.0,4.0
730,16.0,"지금, 나 때문일까?",1753180646501.78,0.0,-9.069689310094134,3.0,3.0
732,19.0,화 먹는 요정,1753180732240.563,-1.0,-74.2849863038956,2.0,2.0
736,15.0,나 잘했지?,1753181066423.749,-3.0,-85.12721492512074,4.0,4.0
744,8.0,"지금, 나 때문일까?",1753181645094.125,0.0,31.173609953196703,3.0,3.0
751,3.0,화 먹는 요정,1753182549934.125,0.0,-43.38728430990213,5.0,4.0
764,2.0,나 잘했지?,1753183067350.003,-1.0,24.527672020859775,3.0,3.0
766,10.0,호흡하기,1753183145054.802,-2.0,1.076478000980508,4.0,4.0
781,20.0,"지금, 나 때문일까?",1753184989169.131,-1.0,13.55336226066234,4.0,4.0
787,20.0,나를 지켜줘,1753185335257.724,-1.0,18.194174695206463,5.0,5.0
790,9.0,나를 지켜줘,1753185569631.5168,3.0,-27.192946666729384,4.0,4.0
795,19.0,지금 듣고 싶은 말,1753185977956.4548,-3.0,19.511242408351706,2.0,2.0
809,11.0,호흡하기,1753188265301.854,-2.0,223.60773420758198,3.0,4.0
810,3.0,스트레칭,1753188417467.627,-2.0,9.305848229503006,4.0,4.0
812,11.0,당 충전하기,1753188756954.878,-2.0,-51.72242616050974,4.0,3.0
818,11.0,나를 지켜줘,1753189605704.551,-3.0,66.55856531010586,3.0,3.0
820,15.0,호흡하기,1753189761958.915,-3.0,26.095900438596175,4.0,4.0
824,1.0,화 먹는 요정,1753190205753.099,0.0,-104.82391440093367,2.0,2.0
828,12.0,당 충전하기,1753190570556.436,-1.0,-4.723736512799121,4.0,4.0
834,19.0,당 충전하기,1753190833483.926,0.0,129.88168933300452,3.0,3.0
836,20.0,"지금, 나 때문일까?",1753191128787.634,0.0,-15.554550099047148,4.0,4.0
840,10.0,스트레칭,1753191478164.305,-2.0,-36.31582719477943,4.0,4.0
844,12.0,나 잘했지?,1753191913288.043,-1.0,11.022242812828082,5.0,4.0
849,15.0,나 잘했지?,1753192333069.418,-2.0,-2.1899198889642264,4.0,4.0
850,19.0,호흡하기,1753192348982.625,0.0,13.063045244459445,3.0,3.0
862,12.0,당 충전하기,1753193066719.667,-1.0,16.39672643822972,4.0,3.0
878,13.0,화 먹는 요정,1753194287331.676,-1.0,-88.83863876192032,2.0,2.0
880,4.0,나 잘했지?,1753194392875.508,0.0,-239.29474680731983,3.0,3.0
782,16.0,당 충전하기,1753194520293.455,0.0,1.1435239100026422,3.0,3.0
888,2.0,호흡하기,1753194875001.8792,-1.0,25.447453914395,5.0,5.0
898,7.0,스트레칭,1753195267135.0688,0.0,44.50638918574297,4.0,4.0
910,9.0,호흡하기,1753196203951.041,2.0,37.50634887558291,5.0,5.0
919,12.0,지금 듣고 싶은 말,1753196957984.696,0.0,3.782947771058076,4.0,4.0
920,4.0,스트레칭,1753196991227.672,-3.0,308.0911567018016,4.0,4.0
923,6.0,호흡하기,1753197239709.782,-1.0,-14.164008718119078,4.0,4.0
926,7.0,"지금, 나 때문일까?",1753197280207.4812,0.0,16.93934228801872,4.0,4.0
928,1.0,나를 지켜줘,1753197359106.929,-1.0,2.4530468957953957,3.0,3.0
933,7.0,당 충전하기,1753198446801.997,0.0,85.85471840923337,4.0,4.0
936,4.0,나를 지켜줘,1753198641432.795,-1.0,-58.11702097024204,3.0,3.0
938,12.0,나 잘했지?,1753198693262.248,-2.0,-83.51422268227549,4.0,4.0
942,17.0,나 잘했지?,1753198981871.43,0.0,-11.440010757825021,3.0,3.0
943,1.0,스트레칭,1753199037592.832,-2.0,9.718032777898912,4.0,4.0
953,4.0,화 먹는 요정,1753200853232.776,1.0,-42.60409439683234,3.0,3.0
955,3.0,"지금, 나 때문일까?",1753201040928.633,0.0,266.8503010601287,3.0,3.0
960,12.0,호흡하기,1753201238264.929,-1.0,198.27989783456758,5.0,5.0
963,18.0,스트레칭,1753201910712.724,0.0,-169.9467963686574,1.0,1.0
968,12.0,화 먹는 요정,1753202393971.305,-1.0,-24.740697296260436,4.0,4.0
969,9.0,지금 듣고 싶은 말,1753202399684.225,0.0,-11.816545864937673,3.0,3.0
976,9.0,화 먹는 요정,1753204371709.265,2.0,-9.083125565448896,3.0,3.0
983,3.0,나를 지켜줘,1753205533752.4968,0.0,-18.05913241072753,5.0,4.0
986,14.0,호흡하기,1753206401671.068,0.0,-44.76802179116285,4.0,4.0
988,6.0,스트레칭,1753206611658.6062,0.0,9.938553677573303,3.0,3.0
997,4.0,당 충전하기,1753207868811.673,-2.0,18.60629189687831,3.0,4.0
1009,4.0,호흡하기,1753210463443.394,-1.0,-51.83740852285314,4.0,4.0
1011,3.0,나를 지켜줘,1753211161636.197,0.0,132.78429848390167,5.0,4.0
1015,1.0,나 잘했지?,1753214254314.076,-2.0,122.79146897162883,2.0,2.0
1023,10.0,화 먹는 요정,1753258610470.2048,0.0,-35.09630952084132,2.0,2.0
1025,8.0,나를 지켜줘,1753261700013.614,-1.0,-1.509125180101563,3.0,3.0
357,17.0,호흡하기,1753261959871.1208,1.0,66.21564521952854,3.0,3.0
443,1.0,"지금, 나 때문일까?",1753262129281.6372,-1.0,29.5695456287505,2.0,1.0
630,8.0,당 충전하기,1753262196987.76,0.0,-30.34000542021719,3.0,3.0
649,17.0,스트레칭,1753263006701.994,0.0,-286.5615047641469,3.0,3.0
390,2.0,스트레칭,1753263092665.579,-1.0,11.724752955851386,5.0,5.0
651,17.0,화 먹는 요정,1753263569226.025,0.0,-5.737899735276919,3.0,3.0
350,3.0,지금 듣고 싶은 말,1753263949258.034,0.0,-33.73498620272587,4.0,4.0
653,4.0,화 먹는 요정,1753263968494.905,0.0,20.736912369443814,3.0,3.0
405,17.0,당 충전하기,1753264385994.5652,0.0,-3.7413393906974903,3.0,3.0
636,8.0,지금 듣고 싶은 말,1753264780219.329,0.0,7.7906267279923895,3.0,3.0
656,3.0,나를 지켜줘,1753265022307.558,0.0,2.6498510417731396,4.0,4.0
802,1.0,나를 지켜줘,1753266099418.526,0.0,-9.347967580870183,3.0,3.0
863,11.0,호흡하기,1753266696365.12,-2.0,33.54834189509717,3.0,3.0
640,2.0,당 충전하기,1753266884092.632,0.0,102.3554551267568,3.0,3.0
661,17.0,"지금, 나 때문일까?",1753266930094.626,1.0,135.85264760939467,3.0,3.0
373,18.0,당 충전하기,1753267015709.48,0.0,-33.08605685621703,5.0,5.0
662,4.0,스트레칭,1753267047533.8828,-2.0,-186.5652820285481,4.0,4.0
663,17.0,나 잘했지?,1753267119673.714,0.0,91.81642509283054,3.0,3.0
28,20.0,지금 듣고 싶은 말,1753267789987.48,-1.0,-46.10579893089536,4.0,4.0
1039,1.0,당 충전하기,1753268683216.269,-1.0,9.978569579571683,3.0,3.0
68,11.0,스트레칭,1753269086782.405,-2.0,-67.8972172694107,4.0,4.0
1069,12.0,나를 지켜줘,1753269340020.4868,-1.0,-72.69476895744006,4.0,3.0
1072,2.0,당 충전하기,1753269558850.99,-1.0,83.46946471833442,3.0,3.0
1076,4.0,지금 듣고 싶은 말,1753269734732.062,0.0,-76.7409824260416,3.0,3.0
115,8.0,호흡하기,1753270525691.77,0.0,-18.66557387131705,4.0,3.0
155,4.0,당 충전하기,1753271373365.06,-1.0,7.807402444816887,3.0,3.0
1088,8.0,당 충전하기,1753272493232.048,0.0,-106.37385922657776,3.0,3.0
187,13.0,스트레칭,1753272638490.894,0.0,-194.44149959632733,3.0,3.0
218,3.0,당 충전하기,1753273337161.244,0.0,-19.277546937979608,5.0,4.0
227,1.0,스트레칭,1753274608766.719,-2.0,-52.266642019415954,3.0,3.0
354,10.0,나를 지켜줘,1753274912343.917,-1.0,-29.79839875357699,3.0,3.0
1106,12.0,"지금, 나 때문일까?",1753275343754.854,-1.0,26.787753826796283,4.0,4.0
665,19.0,화 먹는 요정,1753275483561.2212,0.0,-46.51825479739984,3.0,3.0
1042,20.0,호흡하기,1753275628468.075,0.0,-88.75749820036091,3.0,3.0
1081,19.0,당 충전하기,1753275999052.1191,0.0,46.832211917615496,3.0,3.0
0,20.0,나 잘했지?,1753276271948.31,0.0,-0.2753406019073026,4.0,4.0
7,1.0,화 먹는 요정,1753276423457.205,0.0,-131.5362722487231,3.0,2.0
8,18.0,나 잘했지?,1753276674812.549,-4.0,-23.248409338183613,5.0,5.0
20,17.0,스트레칭,1753277901215.6182,0.0,2.934834867544282,3.0,3.0
9,17.0,화 먹는 요정,1753278625287.72,1.0,-60.872343739898014,3.0,3.0
116,12.0,호흡하기,1753278691489.331,-1.0,-15.957073754528437,4.0,4.0
1188,7.0,스트레칭,1753278737363.061,0.0,37.094473981982816,5.0,5.0
1193,1.0,나 잘했지?,1753279170957.002,-1.0,102.18538854196123,2.0,2.0
1201,16.0,스트레칭,1753280051878.3691,0.0,-104.68367796784727,3.0,3.0
1203,12.0,화 먹는 요정,1753280074344.4622,0.0,-11.509430868275984,4.0,4.0
1211,18.0,스트레칭,1753280605904.195,0.0,0.5607537140217431,1.0,1.0
1212,9.0,스트레칭,1753280728416.488,1.0,-34.18476456919432,3.0,3.0
1226,3.0,화 먹는 요정,1753281299719.772,0.0,-12.697729782117023,5.0,4.0
1230,11.0,"지금, 나 때문일까?",1753281403396.7349,-2.0,33.36551440926432,2.0,2.0
1238,3.0,나 잘했지?,1753281934415.431,0.0,219.79915074590647,4.0,4.0
1239,15.0,화 먹는 요정,1753281975011.451,-3.0,-12.067012594490535,4.0,4.0
1251,7.0,나 잘했지?,1753282870639.892,0.0,-3.0870685679680605,5.0,5.0
1254,17.0,"지금, 나 때문일까?",1753283061557.946,1.0,-22.91996684600788,3.0,3.0
1256,19.0,나 잘했지?,1753283138465.524,0.0,41.13159884998629,3.0,3.0
1258,14.0,"지금, 나 때문일까?",1753283309471.104,1.0,-32.507471559564266,3.0,3.0
1265,2.0,"지금, 나 때문일까?",1753283848424.425,-2.0,4.282091012502377,3.0,3.0
1278,10.0,"지금, 나 때문일까?",1753284167969.222,-2.0,-47.77509656325692,3.0,3.0
1281,11.0,나 잘했지?,1753284355866.453,-2.0,23.90184504901366,3.0,3.0
1284,8.0,나를 지켜줘,1753284576746.856,-1.0,23.915451700780515,4.0,4.0
1294,7.0,나를 지켜줘,1753285334958.239,0.0,16.58092260861018,4.0,4.0
1298,18.0,지금 듣고 싶은 말,1753285781996.902,0.0,-98.38322102081531,5.0,5.0
1301,10.0,당 충전하기,1753286202178.553,0.0,-135.40727225470442,3.0,3.0
1302,19.0,지금 듣고 싶은 말,1753286202308.4092,0.0,92.69613662006833,3.0,3.0
1305,7.0,당 충전하기,1753286240944.502,-1.0,-1.7711826966570072,4.0,4.0
1319,12.0,"지금, 나 때문일까?",1753287602945.228,-1.0,20.77920918954608,4.0,4.0
1321,16.0,"지금, 나 때문일까?",1753287737834.3271,0.0,-2.00533646657793,3.0,3.0
1326,6.0,"지금, 나 때문일까?",1753288484451.87,-1.0,65.52810188388082,3.0,3.0
1328,20.0,호흡하기,1753288571010.73,-2.0,45.17623656082398,3.0,3.0
1331,7.0,스트레칭,1753288621766.907,0.0,26.981803363492915,4.0,5.0
1334,8.0,호흡하기,1753288986757.928,-1.0,-28.214814473083088,4.0,4.0
1339,3.0,호흡하기,1753289018473.211,0.0,-24.64278998833184,5.0,4.0
1342,6.0,나를 지켜줘,1753289377921.2449,0.0,20.872889542262612,4.0,4.0
1347,18.0,스트레칭,1753290297553.718,0.0,113.35510505990906,1.0,1.0
1353,9.0,나를 지켜줘,1753290975130.646,3.0,178.37676244651269,4.0,4.0
1355,18.0,"지금, 나 때문일까?",1753291282637.961,0.0,-173.58726851210432,1.0,1.0
1357,16.0,나를 지켜줘,1753291933632.3782,0.0,22.345720895747306,3.0,3.0
1361,15.0,호흡하기,1753292117148.0598,0.0,97.45330682596554,4.0,4.0
1363,9.0,"지금, 나 때문일까?",1753292169128.241,0.0,-2.2997104148115213,3.0,3.0
1228,15.0,지금 듣고 싶은 말,1753292791910.505,-2.0,-67.9758624926231,4.0,4.0
1387,13.0,나를 지켜줘,1753294321242.636,-1.0,39.2480117867382,2.0,1.0
1391,18.0,당 충전하기,1753294703375.656,-4.0,-78.97236646978894,5.0,5.0
1394,13.0,호흡하기,1753295020244.49,-2.0,50.065796329952974,3.0,3.0
1396,18.0,지금 듣고 싶은 말,1753295372775.6108,0.0,-356.61581201867494,5.0,5.0
1432,17.0,나를 지켜줘,1753348100264.269,1.0,-9.580210295224703,3.0,3.0
1444,17.0,화 먹는 요정,1753348790114.435,0.0,-31.89995901592893,3.0,3.0
1447,6.0,"지금, 나 때문일까?",1753348941060.841,0.0,-16.817967756753525,2.0,2.0
1453,10.0,"지금, 나 때문일까?",1753349193654.89,1.0,-3.907905166201317,3.0,3.0
1455,11.0,화 먹는 요정,1753349344581.6052,-3.0,2.1563113928696964,3.0,3.0
1458,6.0,나 잘했지?,1753349496181.587,0.0,25.36979766387784,3.0,3.0
1466,9.0,호흡하기,1753350139061.7148,3.0,-20.9851978600002,5.0,5.0
1471,17.0,스트레칭,1753350336337.254,1.0,-1.793612096142553,3.0,3.0
1473,17.0,당 충전하기,1753350362583.778,0.0,26.385170798422422,3.0,3.0
1475,6.0,당 충전하기,1753350442072.589,0.0,54.62001704314896,3.0,3.0
1478,9.0,화 먹는 요정,1753350588089.913,1.0,-31.834211581342956,4.0,4.0
1487,3.0,호흡하기,1753350947078.94,0.0,-2.4120096376365225,5.0,4.0
1489,17.0,나를 지켜줘,1753351194260.0388,1.0,-10.610143248502439,3.0,3.0
1269,19.0,호흡하기,1753351307986.136,-1.0,-14.22877274412744,3.0,3.0
1497,20.0,나를 지켜줘,1753352032789.052,-1.0,-22.226427661129676,5.0,5.0
1500,19.0,스트레칭,1753352122373.229,0.0,-112.69362756733014,3.0,3.0
1501,18.0,호흡하기,1753352159737.7358,-2.0,11.947933056907466,5.0,5.0
1503,4.0,"지금, 나 때문일까?",1753352210269.023,-1.0,53.736930904655196,3.0,3.0
1513,1.0,나를 지켜줘,1753352913705.724,-2.0,-209.55133638325418,3.0,3.0
1520,19.0,당 충전하기,1753353292587.6968,0.0,-74.24056650058735,3.0,3.0
1523,9.0,나 잘했지?,1753353613364.311,2.0,18.61818580689588,3.0,3.0
1526,6.0,지금 듣고 싶은 말,1753353812272.633,-1.0,115.04390990668199,3.0,3.0
1534,9.0,지금 듣고 싶은 말,1753354329079.5469,1.0,-2.0039571887508316,4.0,4.0
1536,6.0,호흡하기,1753354460558.409,-1.0,30.0090212691834,4.0,4.0
1563,20.0,지금 듣고 싶은 말,1753356827040.043,0.0,79.17297917044922,4.0,4.0
1566,8.0,당 충전하기,1753357008041.62,0.0,-32.05662833452202,3.0,3.0
1569,3.0,나 잘했지?,1753357057399.9412,-1.0,-30.033723266643747,4.0,4.0
1571,19.0,지금 듣고 싶은 말,1753357120479.6611,1.0,-76.28975523488248,3.0,3.0
1575,3.0,화 먹는 요정,1753357319996.554,0.0,-3.2843927501219383,5.0,4.0
1577,19.0,나 잘했지?,1753357547033.1892,1.0,-4.005739350082337,3.0,3.0
1579,17.0,지금 듣고 싶은 말,1753357678491.362,1.0,-27.562158037161097,3.0,3.0
1596,3.0,"지금, 나 때문일까?",1753358590251.3909,0.0,148.12244873827117,3.0,3.0
1607,13.0,화 먹는 요정,1753359091859.715,-2.0,-36.12777424001695,2.0,2.0
1610,12.0,당 충전하기,1753359219215.874,-1.0,-0.8885471226773092,3.0,3.0
1612,19.0,화 먹는 요정,1753359298531.77,-1.0,-96.03588931316212,3.0,3.0
1616,3.0,당 충전하기,1753359630298.744,1.0,41.24675557144781,5.0,4.0
1634,18.0,나를 지켜줘,1753361847060.595,0.0,-72.31923048356865,3.0,3.0
1637,1.0,"지금, 나 때문일까?",1753362009375.805,0.0,-9.983163512592697,2.0,2.0
1641,13.0,나 잘했지?,1753362339878.476,0.0,-82.78667989728834,2.0,2.0
1629,9.0,나를 지켜줘,1753362936775.875,1.0,-34.27858122586115,4.0,4.0
1653,6.0,나를 지켜줘,1753363431325.729,-1.0,-3.8414984619558936,4.0,4.0
1659,12.0,지금 듣고 싶은 말,1753364184462.172,0.0,-32.997250194261426,4.0,3.0
1661,10.0,나 잘했지?,1753364318806.724,0.0,-44.66944685405379,3.0,3.0
1663,11.0,지금 듣고 싶은 말,1753364572557.593,-3.0,41.276867059033975,3.0,2.0
1671,11.0,호흡하기,1753365162300.634,-2.0,7.380414638561803,4.0,4.0
1673,1.0,호흡하기,1753365286956.78,-1.0,-213.8868454672883,4.0,4.0
1677,7.0,호흡하기,1753365730689.135,0.0,12.507934784442249,4.0,4.0
1685,20.0,당 충전하기,1753366208496.675,0.0,5.3155433388884035,4.0,4.0
1691,20.0,"지금, 나 때문일까?",1753366654637.49,0.0,-10.483374114376822,4.0,4.0
1696,7.0,화 먹는 요정,1753366763667.313,-3.0,-51.57061085402206,4.0,4.0
1698,19.0,"지금, 나 때문일까?",1753366908398.766,0.0,10.830662718060367,3.0,3.0
1702,16.0,화 먹는 요정,1753367910549.838,0.0,101.84097460533226,3.0,3.0
1703,19.0,호흡하기,1753367949319.896,0.0,-117.3657132623597,3.0,3.0
1705,18.0,나 잘했지?,1753368012781.074,1.0,22.404310129904218,3.0,3.0
1713,12.0,스트레칭,1753369365513.903,1.0,76.58497165926724,4.0,4.0
1716,11.0,"지금, 나 때문일까?",1753369461669.023,-2.0,261.6265109560817,2.0,2.0
1722,7.0,"지금, 나 때문일까?",1753370030028.951,1.0,3.578179840173277,4.0,4.0
1732,8.0,스트레칭,1753370328378.73,-3.0,13.14310839730976,4.0,3.0
1739,12.0,호흡하기,1753371788005.773,-1.0,-70.48064737716896,5.0,4.0
1742,1.0,지금 듣고 싶은 말,1753371945939.41,-1.0,-277.58807515075387,3.0,2.0
1744,8.0,지금 듣고 싶은 말,1753372193954.336,-1.0,3.7612849380697284,3.0,3.0
1745,14.0,나를 지켜줘,1753372327578.202,2.0,-33.42548550905876,4.0,4.0
1751,9.0,당 충전하기,1753372654760.743,4.0,-77.04377006902781,5.0,5.0
1754,18.0,지금 듣고 싶은 말,1753372894109.3818,0.0,35.80429262325481,5.0,5.0
1756,1.0,당 충전하기,1753372911823.346,-2.0,76.461105384101,3.0,3.0
1764,2.0,나를 지켜줘,1753373604871.837,0.0,27.511507716306724,5.0,5.0
1728,7.0,지금 듣고 싶은 말,1753374246768.681,0.0,-38.55656556494564,4.0,4.0
1772,12.0,나를 지켜줘,1753374282913.847,-3.0,-197.71907045367513,4.0,3.0
1774,1.0,스트레칭,1753374660166.708,0.0,-70.74350388612315,3.0,3.0
1777,10.0,화 먹는 요정,1753375583283.5342,1.0,185.81761968564152,3.0,3.0
1784,9.0,스트레칭,1753376421874.0742,3.0,-16.380466935209554,4.0,4.0
1787,16.0,지금 듣고 싶은 말,1753376685985.77,0.0,-60.04457895293678,3.0,3.0
1789,6.0,스트레칭,1753376858850.167,0.0,23.208773839329496,3.0,3.0
1794,18.0,화 먹는 요정,1753377135396.646,0.0,11.68691190129067,5.0,5.0
1796,16.0,당 충전하기,1753377442965.5989,0.0,-49.598105217883855,3.0,3.0
1802,14.0,화 먹는 요정,1753378627939.586,1.0,-76.0136622228588,4.0,4.0
1806,11.0,나를 지켜줘,1753379611944.668,-3.0,-6.2622776133055424,3.0,3.0
1791,18.0,나를 지켜줘,1753380332240.374,0.0,-51.76839650337837,5.0,5.0
1815,8.0,"지금, 나 때문일까?",1753380407163.267,2.0,17.35383428232157,3.0,3.0
1817,18.0,당 충전하기,1753381564618.792,0.0,-6.177894280383242,5.0,5.0
1827,12.0,호흡하기,1753387427790.462,-2.0,-155.9289835179582,5.0,4.0
1838,10.0,지금 듣고 싶은 말,1753433149262.219,0.0,153.68329048161578,2.0,2.0
1845,10.0,화 먹는 요정,1753433866861.769,0.0,42.175509460950565,3.0,3.0
1857,10.0,"지금, 나 때문일까?",1753434469819.729,0.0,-20.371957733558133,3.0,3.0
1867,6.0,화 먹는 요정,1753434966146.688,0.0,3.0289774539828542,3.0,3.0
1874,10.0,지금 듣고 싶은 말,1753435240256.3142,-1.0,39.19270860663002,2.0,2.0
1879,8.0,화 먹는 요정,1753435536463.394,0.0,-125.4807244306457,3.0,3.0
1881,3.0,"지금, 나 때문일까?",1753435590381.3188,1.0,117.79180642983974,2.0,2.0
1883,11.0,호흡하기,1753435854901.428,-2.0,-19.201059838278354,4.0,4.0
1897,20.0,나를 지켜줘,1753436540546.848,-1.0,-63.39215568731275,5.0,5.0
1902,8.0,호흡하기,1753437049360.4531,-2.0,-16.67573064514984,4.0,4.0
1906,20.0,당 충전하기,1753437241568.6,-1.0,-15.793024851704281,4.0,4.0
1912,11.0,당 충전하기,1753437500861.101,-3.0,-97.3676380050624,3.0,3.0
1919,10.0,나를 지켜줘,1753438065835.202,0.0,79.69644614202312,3.0,3.0
1928,8.0,나를 지켜줘,1753438790316.511,-1.0,-113.9403239436073,3.0,3.0
1932,6.0,스트레칭,1753438871167.0789,0.0,0.7072155586835152,2.0,2.0
1933,10.0,나 잘했지?,1753438885025.92,-2.0,34.03995820240607,2.0,2.0
1936,4.0,"지금, 나 때문일까?",1753439144147.77,-1.0,-44.17600206946629,2.0,2.0
1942,20.0,지금 듣고 싶은 말,1753439520334.2642,-2.0,8.58676491190117,4.0,4.0
1947,3.0,지금 듣고 싶은 말,1753441550518.756,0.0,340.6073125153414,5.0,4.0
1963,8.0,호흡하기,1753444391659.1418,-1.0,69.92940684668368,4.0,4.0
1968,14.0,호흡하기,1753445360821.3398,0.0,26.870896597883018,4.0,4.0
1972,11.0,호흡하기,1753446510249.468,-2.0,6.884359316332521,4.0,4.0
1982,4.0,호흡하기,1753447486318.187,0.0,-185.5790054651007,4.0,4.0
1992,4.0,나를 지켜줘,1753448619082.5789,0.0,-26.232371799682905,2.0,2.0
2000,1.0,화 먹는 요정,1753449703235.749,-1.0,-2.3889539973393568,3.0,3.0
2004,4.0,당 충전하기,1753450099223.2278,-1.0,-169.2174921204699,3.0,3.0
1854,12.0,"지금, 나 때문일까?",1753450156150.439,0.0,-79.02754688155895,4.0,3.0
2013,11.0,당 충전하기,1753450855455.9932,-2.0,-3.253221242642894,3.0,3.0
2015,12.0,지금 듣고 싶은 말,1753450932757.839,-3.0,-18.519016162572143,4.0,4.0
2021,3.0,호흡하기,1753451247114.593,-1.0,10.233490496608752,5.0,4.0
2023,8.0,나 잘했지?,1753451303947.366,0.0,170.1860850550813,3.0,3.0
2035,6.0,나를 지켜줘,1753451948722.122,-1.0,-53.45455720429156,4.0,4.0
2042,17.0,나 잘했지?,1753452460336.79,1.0,-22.654826214184297,3.0,3.0
2048,17.0,나 잘했지?,1753452948091.7,1.0,65.30647548524564,3.0,3.0
2126,13.0,나를 지켜줘,1753469169025.6792,-1.0,91.14193128258623,4.0,4.0
2148,14.0,나 잘했지?,1753470942259.1511,1.0,116.94901292165802,3.0,3.0
1969,1.0,"지금, 나 때문일까?",1753521352839.905,-1.0,18.762617082678624,2.0,2.0
2166,14.0,지금 듣고 싶은 말,1753522203292.368,1.0,-17.47499226613335,4.0,4.0
2251,13.0,당 충전하기,1753611862142.728,0.0,-212.84991659152928,2.0,2.0
2252,4.0,"지금, 나 때문일까?",1753611911293.132,-1.0,-10.096894524449567,3.0,4.0
2063,4.0,나 잘했지?,1753621375121.9258,0.0,-113.0992867751385,3.0,4.0
2266,4.0,화 먹는 요정,1753622068385.088,-2.0,29.95397768758383,3.0,3.0
2272,4.0,지금 듣고 싶은 말,1753627056665.97,-1.0,-23.938758550738594,3.0,3.0
2274,4.0,나를 지켜줘,1753629664179.656,-2.0,-8.653060024282695,2.0,2.0
2278,13.0,나 잘했지?,1753634237327.936,0.0,-24.953459570793427,2.0,3.0
2284,13.0,호흡하기,1753635912445.098,-1.0,150.01461692735023,4.0,4.0
2286,13.0,스트레칭,1753636622949.916,0.0,-93.0813491953698,3.0,2.0
2289,4.0,나 잘했지?,1753637966076.9229,-1.0,-139.64131413061688,3.0,3.0
2307,10.0,호흡하기,1753692434431.921,-1.0,-37.12226751945242,4.0,4.0
2220,17.0,호흡하기,1753694290951.764,1.0,-50.94448769718607,3.0,3.0
2242,9.0,나를 지켜줘,1753694297389.7542,4.0,7.398763229967798,5.0,5.0
2364,8.0,스트레칭,1753694600463.254,-2.0,22.8922542936265,4.0,4.0
2373,17.0,화 먹는 요정,1753695014387.628,1.0,-48.866742036432896,3.0,3.0
2375,20.0,"지금, 나 때문일까?",1753695054895.6392,-1.0,-20.629413258283414,4.0,4.0
2381,6.0,지금 듣고 싶은 말,1753695542815.0452,-1.0,-24.7566541829161,2.0,2.0
2386,20.0,나 잘했지?,1753696095470.019,-1.0,4.058450878350882,4.0,4.0
2388,6.0,"지금, 나 때문일까?",1753696138793.518,0.0,-0.9410751199986649,1.0,1.0
2409,13.0,당 충전하기,1753697573172.319,-1.0,-73.29073755748644,2.0,3.0
2415,4.0,당 충전하기,1753698716153.8298,-2.0,-84.70339883945414,3.0,2.0
2422,10.0,스트레칭,1753699669696.6348,0.0,-80.9011785656474,3.0,4.0
2433,10.0,당 충전하기,1753700624188.5498,0.0,-34.671367083063004,4.0,3.0
2439,13.0,화 먹는 요정,1753701139147.926,0.0,-62.34399348762821,2.0,3.0
2442,20.0,화 먹는 요정,1753701943518.187,-1.0,16.532998997409877,4.0,4.0
2445,6.0,나 잘했지?,1753703798259.9731,0.0,75.62186892194487,1.0,1.0
2448,6.0,화 먹는 요정,1753703951662.437,-1.0,6.77200943969024,1.0,1.0
2451,6.0,당 충전하기,1753704307464.659,-1.0,5.290937082546968,1.0,1.0
2459,4.0,지금 듣고 싶은 말,1753705659686.878,-1.0,-165.61847416156786,3.0,3.0
2462,14.0,지금 듣고 싶은 말,1753705753966.714,2.0,-0.5460196374941546,4.0,4.0
2465,20.0,호흡하기,1753705845591.453,0.0,20.81111153827247,3.0,3.0
2467,8.0,"지금, 나 때문일까?",1753706284014.605,-2.0,-6.0473894356683076,2.0,2.0
2471,20.0,나를 지켜줘,1753706675492.716,-1.0,-23.49209522594593,5.0,5.0
2480,11.0,스트레칭,1753707711653.922,-2.0,-171.6548367662246,4.0,4.0
2489,20.0,당 충전하기,1753708408422.32,-2.0,0.9031799662876665,4.0,4.0
2493,14.0,당 충전하기,1753708512753.987,1.0,37.87785073420039,4.0,4.0
2553,11.0,화 먹는 요정,1753709484753.864,-2.0,-64.45878923837319,4.0,3.0
2532,12.0,화 먹는 요정,1753709593760.328,-2.0,-7.978761485547082,5.0,4.0
2558,1.0,당 충전하기,1753710202712.699,-2.0,-9.021637376572073,3.0,3.0
2564,8.0,당 충전하기,1753710435472.118,1.0,-1.5625409896558935,3.0,3.0
2568,16.0,"지금, 나 때문일까?",1753710685159.876,0.0,4.187564482719878,3.0,3.0
2578,7.0,나를 지켜줘,1753711342393.14,-2.0,-19.21363150794936,4.0,4.0
2582,12.0,나를 지켜줘,1753711772708.818,-1.0,1.1874184925808748,3.0,2.0
2585,8.0,나를 지켜줘,1753712100201.886,0.0,23.49922394797475,4.0,4.0
2588,7.0,스트레칭,1753712168742.431,-1.0,-296.79466902142565,4.0,3.0
2597,19.0,스트레칭,1753712569156.199,-1.0,-25.758370400905676,3.0,3.0
2600,2.0,나를 지켜줘,1753712694933.321,-2.0,-169.23445984150501,3.0,3.0
2610,13.0,지금 듣고 싶은 말,1753713329612.359,0.0,151.04648043502556,2.0,2.0
2616,9.0,화 먹는 요정,1753713491020.126,2.0,-68.01823260123672,3.0,3.0
2621,7.0,화 먹는 요정,1753713836553.308,-3.0,-9.947453838813672,4.0,4.0
2629,19.0,지금 듣고 싶은 말,1753715441088.073,0.0,23.851799527036995,2.0,2.0
2631,13.0,나를 지켜줘,1753715536084.188,0.0,38.77190684607703,5.0,4.0
2634,19.0,"지금, 나 때문일까?",1753715862144.927,-2.0,-63.14161876896743,2.0,2.0
2642,12.0,"지금, 나 때문일까?",1753716297909.085,0.0,-6.406125497406919,5.0,5.0
2648,16.0,스트레칭,1753716522926.499,-1.0,-8.552481274609832,3.0,3.0
2650,7.0,"지금, 나 때문일까?",1753716666444.885,-3.0,46.172219436652284,3.0,3.0
2653,2.0,스트레칭,1753717177731.826,2.0,-42.568561571268205,3.0,3.0
2657,10.0,지금 듣고 싶은 말,1753717603298.411,0.0,-37.91301331823233,3.0,3.0
2665,10.0,당 충전하기,1753718306127.938,0.0,-21.06446460344695,4.0,3.0
2669,16.0,당 충전하기,1753718895790.381,0.0,-58.00080652219441,3.0,3.0
2673,12.0,지금 듣고 싶은 말,1753719055263.796,-1.0,-15.980799684662685,4.0,4.0
2686,14.0,스트레칭,1753720338532.767,-1.0,-12.048943845186727,4.0,3.0
2687,13.0,"지금, 나 때문일까?",1753720350905.387,0.0,-20.53321551998954,2.0,2.0
2694,4.0,화 먹는 요정,1753720749204.204,-3.0,-103.56902297192852,3.0,3.0
2697,9.0,지금 듣고 싶은 말,1753720890129.8,0.0,15.15874632384692,3.0,3.0
2701,13.0,화 먹는 요정,1753720989222.646,2.0,55.1198752701674,2.0,2.0
2708,10.0,나 잘했지?,1753721462439.84,0.0,-11.524391372152124,3.0,3.0
2709,16.0,지금 듣고 싶은 말,1753721576829.381,1.0,-33.5956829730022,3.0,3.0
2712,9.0,"지금, 나 때문일까?",1753721889405.8298,1.0,-18.60550447699637,4.0,4.0
2717,12.0,당 충전하기,1753722220612.099,-1.0,53.26524323949546,4.0,3.0
2727,9.0,화 먹는 요정,1753723173652.206,2.0,-3.893057919127031,4.0,4.0
2731,9.0,당 충전하기,1753723603438.577,2.0,11.326382688064118,5.0,5.0
2736,14.0,호흡하기,1753724502553.524,-1.0,-2.099752029470366,5.0,3.0
2742,13.0,지금 듣고 싶은 말,1753725362951.526,0.0,-20.322296012560486,4.0,3.0
2746,11.0,나를 지켜줘,1753725655943.5,-2.0,-168.01542403661227,3.0,3.0
2750,13.0,나 잘했지?,1753725685147.599,0.0,67.61452844404678,4.0,3.0
2752,14.0,"지금, 나 때문일까?",1753725823634.827,-2.0,12.044051023513077,3.0,3.0
2755,19.0,나 잘했지?,1753726252184.385,0.0,-27.40024482691979,3.0,3.0
2764,15.0,나 잘했지?,1753729636048.725,0.0,-116.18036571022486,3.0,4.0
2767,15.0,화 먹는 요정,1753730609604.799,-2.0,-27.353729480357913,4.0,4.0
2772,15.0,"지금, 나 때문일까?",1753733435054.542,-3.0,-33.179082978029044,3.0,3.0
2774,15.0,나를 지켜줘,1753734235479.454,-3.0,-117.82138622182137,4.0,4.0
2776,15.0,지금 듣고 싶은 말,1753734920211.9832,-3.0,221.33323283946373,4.0,4.0
2778,15.0,"지금, 나 때문일까?",1753736766834.492,1.0,-96.9047331915838,4.0,3.0
2787,1.0,화 먹는 요정,1753776582298.006,-1.0,-14.616994896958026,3.0,3.0
2790,19.0,화 먹는 요정,1753776931541.584,0.0,72.52342137904043,3.0,3.0
2795,19.0,스트레칭,1753778048216.536,-2.0,-37.84477346984022,4.0,3.0
2800,1.0,"지금, 나 때문일까?",1753778297778.475,-1.0,-19.00736210935196,3.0,3.0
2804,10.0,화 먹는 요정,1753778864900.348,0.0,-9.750351245731636,3.0,3.0
2811,10.0,호흡하기,1753779299181.511,-1.0,-11.692761476288347,4.0,3.0
2821,4.0,나를 지켜줘,1753779723945.112,-2.0,137.92457703287727,3.0,3.0
2864,17.0,당 충전하기,1753780813265.211,0.0,-6.260493892978516,3.0,3.0
2872,20.0,나 잘했지?,1753781100046.709,-1.0,-76.21001767523069,4.0,4.0
2877,17.0,나 잘했지?,1753781265849.526,1.0,-260.38461396202126,3.0,3.0
2900,12.0,화 먹는 요정,1753782223809.412,0.0,32.317134938571954,4.0,3.0
2906,14.0,나를 지켜줘,1753782634630.732,0.0,13.438895649447673,2.0,2.0
2915,17.0,나를 지켜줘,1753782838201.602,1.0,-64.56101441083754,3.0,3.0
2917,8.0,나 잘했지?,1753782867979.691,0.0,-18.430487825192095,3.0,3.0
2920,6.0,"지금, 나 때문일까?",1753782926223.1292,-1.0,15.780287632779995,2.0,2.0
2925,14.0,당 충전하기,1753783131257.685,-1.0,81.9432862495763,5.0,5.0
1171,14.0,"지금, 나 때문일까?",1753783416520.502,0.0,22.293078490027632,4.0,4.0
2528,10.0,"지금, 나 때문일까?",1753783816799.342,-1.0,-1.117053199505591,3.0,2.0
2529,19.0,호흡하기,1753784658529.7542,-1.0,41.51017262838181,3.0,3.0
1153,4.0,지금 듣고 싶은 말,1753785120219.939,-3.0,-93.66751832974133,3.0,4.0
2302,20.0,지금 듣고 싶은 말,1753785254539.771,0.0,60.49334848764666,4.0,4.0
2537,10.0,나를 지켜줘,1753785679611.702,-1.0,-5.0148425609720135,3.0,3.0
1175,1.0,"지금, 나 때문일까?",1753785951922.351,-1.0,15.680686908035256,3.0,2.0
2322,19.0,나를 지켜줘,1753786026238.759,0.0,-47.43473894962301,3.0,3.0
2868,19.0,화 먹는 요정,1753786315682.3628,-1.0,-167.8591828775709,2.0,2.0
1528,13.0,스트레칭,1753786849132.022,0.0,-24.52759680101336,3.0,3.0
2504,20.0,"지금, 나 때문일까?",1753787017911.536,-1.0,12.766714415806717,4.0,4.0
1178,14.0,나 잘했지?,1753787923484.5151,-1.0,41.34697147206474,4.0,4.0
2541,4.0,당 충전하기,1753789316395.716,-2.0,-26.55612512292187,3.0,3.0
2352,6.0,"지금, 나 때문일까?",1753790472509.623,-2.0,-15.071109479355709,2.0,2.0
2508,11.0,호흡하기,1753792120109.4011,-3.0,-114.86822092216056,4.0,4.0
2544,2.0,"지금, 나 때문일까?",1753793363864.442,-2.0,-109.71470785177235,3.0,3.0
1057,12.0,당 충전하기,1753794083373.174,-1.0,22.87544089725742,3.0,2.0
1058,19.0,지금 듣고 싶은 말,1753794165756.5051,0.0,25.560424572961324,3.0,3.0
2571,19.0,나 잘했지?,1753794441954.348,0.0,52.72325434530765,2.0,2.0
1061,20.0,스트레칭,1753794506659.5571,-1.0,-5.3142257371898864,3.0,3.0
2590,20.0,호흡하기,1753795143904.9658,0.0,14.479929984433362,3.0,3.0
2688,8.0,스트레칭,1753795951848.894,0.0,-22.448116584190945,4.0,4.0
2728,14.0,화 먹는 요정,1753796123410.161,-1.0,84.66701624237406,5.0,5.0
2831,15.0,당 충전하기,1753796327427.6018,-2.0,-73.78120412043337,3.0,4.0
2849,10.0,호흡하기,1753796606479.051,-1.0,-10.957409145147622,4.0,4.0
2959,14.0,나 잘했지?,1753796676443.979,0.0,-23.55099376315374,3.0,3.0
2967,4.0,"지금, 나 때문일까?",1753797294964.602,-1.0,-10.033451572040626,3.0,3.0
2965,8.0,"지금, 나 때문일까?",1753797839738.002,0.0,16.459328978154783,3.0,2.0
1062,15.0,나 잘했지?,1753797891736.96,-3.0,-62.6214056578641,3.0,3.0
2994,12.0,지금 듣고 싶은 말,1753798284442.0532,-2.0,19.47605892392687,4.0,4.0
2995,3.0,화 먹는 요정,1753798315539.247,0.0,-508.52375425211034,5.0,4.0
2106,15.0,화 먹는 요정,1753798592501.3828,0.0,3.1321717331384207,3.0,4.0
3005,15.0,나를 지켜줘,1753799040510.139,0.0,-59.804822442713565,4.0,4.0
3017,7.0,당 충전하기,1753800027904.928,-3.0,-69.75487221401995,4.0,4.0
3019,6.0,나 잘했지?,1753800131867.698,0.0,-46.67554658498411,2.0,2.0
3022,15.0,호흡하기,1753800334175.125,0.0,94.01258685719048,4.0,3.0
3025,9.0,나를 지켜줘,1753800555549.313,3.0,-13.63777508223981,5.0,5.0
3027,8.0,호흡하기,1753800786330.419,-1.0,12.13248490640272,4.0,4.0
3031,9.0,스트레칭,1753800900512.426,4.0,10.196590368761385,5.0,5.0
3033,18.0,화 먹는 요정,1753800918365.706,-4.0,-127.36354104441473,5.0,5.0
3035,15.0,나를 지켜줘,1753800971624.692,0.0,-86.68514984174098,4.0,4.0
3036,7.0,호흡하기,1753800982800.908,0.0,10.231288694921343,4.0,4.0
3039,12.0,나 잘했지?,1753801159804.8042,-1.0,-9.23924378767886,4.0,4.0
3044,14.0,지금 듣고 싶은 말,1753801314508.177,-1.0,-36.90708922320289,4.0,4.0
3046,9.0,지금 듣고 싶은 말,1753801376893.92,2.0,-3.106568096700123,3.0,3.0
3049,15.0,"지금, 나 때문일까?",1753801664659.0889,-3.0,396.4473316543843,3.0,3.0
3051,7.0,나 잘했지?,1753801765039.235,-3.0,9.091696976504231,3.0,3.0
3056,9.0,화 먹는 요정,1753801911084.6091,2.0,227.62473760125374,3.0,3.0
3067,15.0,지금 듣고 싶은 말,1753802594915.411,1.0,-42.59168842235974,3.0,3.0
3070,18.0,지금 듣고 싶은 말,1753802686587.1208,0.0,-44.19126429777825,5.0,5.0
3074,18.0,"지금, 나 때문일까?",1753803681772.887,0.0,-38.39422993460628,1.0,1.0
3076,13.0,나를 지켜줘,1753803716535.583,0.0,-102.102742745888,4.0,3.0
3077,14.0,호흡하기,1753803763609.153,-1.0,-25.668634669094928,4.0,4.0
3080,7.0,지금 듣고 싶은 말,1753803914113.899,-1.0,34.623919131832594,5.0,5.0
3082,16.0,호흡하기,1753804234419.221,0.0,-62.44578423782095,3.0,3.0
3085,1.0,호흡하기,1753804468794.961,-2.0,-19.213652270927625,4.0,4.0
3090,16.0,나를 지켜줘,1753805124867.001,0.0,4.448574347382049,3.0,3.0
3091,15.0,호흡하기,1753805173144.13,1.0,18.991340177814266,3.0,4.0
3100,16.0,"지금, 나 때문일까?",1753805570097.432,1.0,18.18699612382396,3.0,3.0
3101,11.0,스트레칭,1753805695240.0168,-3.0,-204.51332886386027,3.0,3.0
3065,7.0,화 먹는 요정,1753806675174.033,0.0,126.25973098709548,4.0,4.0
3108,12.0,스트레칭,1753806822865.8582,-1.0,-110.27137578819321,5.0,4.0
3111,6.0,화 먹는 요정,1753806984201.8171,0.0,0.2044343400118933,3.0,3.0
3114,15.0,스트레칭,1753807064703.698,0.0,67.23782475226835,4.0,3.0
3116,16.0,지금 듣고 싶은 말,1753807364978.0989,0.0,6.758577309102222,3.0,3.0
3120,4.0,호흡하기,1753808325740.712,-2.0,-314.59339356701224,4.0,4.0
3151,8.0,나를 지켜줘,1753809818380.46,-2.0,-76.8009075697467,4.0,4.0
3153,14.0,"지금, 나 때문일까?",1753809879217.562,0.0,-31.90158567489854,3.0,3.0
3157,11.0,지금 듣고 싶은 말,1753810164691.552,-2.0,103.52875296225999,3.0,3.0
3162,9.0,화 먹는 요정,1753810500371.0,3.0,-149.00194429972817,4.0,4.0
3172,12.0,호흡하기,1753811784555.926,-1.0,-35.466592629014826,5.0,5.0
3176,11.0,"지금, 나 때문일까?",1753812604146.381,-2.0,62.47206978368213,2.0,2.0
3183,18.0,나 잘했지?,1753813971056.655,0.0,4.03054265368964,5.0,5.0
3165,11.0,나를 지켜줘,1753814729361.684,-1.0,42.93628129533465,2.0,2.0
3187,18.0,당 충전하기,1753816486756.168,0.0,-1.0517700876652611,1.0,1.0
3189,18.0,나를 지켜줘,1753818652608.755,0.0,4.127722850716793,3.0,3.0
3191,2.0,나를 지켜줘,1753819590938.7551,0.0,30.58045310881125,3.0,3.0
3196,18.0,호흡하기,1753821638262.1282,2.0,-2.4316146841611186,3.0,3.0
3204,4.0,스트레칭,1753863845541.323,-3.0,-44.04322999877536,4.0,3.0
3215,1.0,나를 지켜줘,1753865478672.604,-1.0,6.469074496806222,4.0,3.0
3225,1.0,지금 듣고 싶은 말,1753866003824.189,-2.0,-18.97244013557676,4.0,3.0
3235,1.0,나 잘했지?,1753866314387.168,0.0,-51.24776540593331,3.0,3.0
3240,17.0,지금 듣고 싶은 말,1753866553950.914,1.0,-368.1649958604481,3.0,3.0
3275,4.0,당 충전하기,1753867393434.745,0.0,-28.425777193804876,3.0,2.0
3277,17.0,호흡하기,1753867453255.947,1.0,-102.70806286496455,3.0,3.0
3283,19.0,나를 지켜줘,1753867626245.356,-1.0,-14.603864096644415,3.0,3.0
3285,9.0,당 충전하기,1753867698768.313,3.0,-48.38568320085915,5.0,5.0
3290,17.0,나 잘했지?,1753867920230.354,1.0,-40.710821960406946,3.0,3.0
3298,19.0,나 잘했지?,1753868613899.791,-1.0,5.0464395592569105,2.0,2.0
3299,17.0,호흡하기,1753868632319.704,1.0,-87.48361649611785,3.0,3.0
3301,17.0,스트레칭,1753868697011.0688,1.0,3.9266638804047815,3.0,3.0
3320,13.0,당 충전하기,1753869509400.62,0.0,-21.11657875355081,3.0,2.0
3322,18.0,나 잘했지?,1753869568383.594,-2.0,-129.67221855306116,3.0,3.0
3344,19.0,지금 듣고 싶은 말,1753869705844.216,-1.0,21.562180078185506,2.0,2.0
3350,18.0,지금 듣고 싶은 말,1753869842749.974,0.0,112.21740847608675,3.0,3.0
3355,20.0,"지금, 나 때문일까?",1753870151783.12,0.0,-69.64373881316982,4.0,4.0
3361,8.0,스트레칭,1753870360235.222,-1.0,66.49237088113739,4.0,4.0
3363,9.0,"지금, 나 때문일까?",1753870475024.301,0.0,51.510509358725244,3.0,3.0
3377,2.0,호흡하기,1753871465697.0298,-1.0,-49.31046744583915,3.0,3.0
3381,11.0,당 충전하기,1753871623244.877,-2.0,7.503712785225318,3.0,3.0
3393,18.0,화 먹는 요정,1753872675363.937,-2.0,11.597158048576958,5.0,5.0
3397,4.0,"지금, 나 때문일까?",1753872776265.429,0.0,-40.14386334832409,3.0,2.0
3401,1.0,당 충전하기,1753873291958.826,0.0,-82.51494726848784,3.0,3.0
3413,19.0,지금 듣고 싶은 말,1753873885307.673,1.0,-37.68056816719095,3.0,3.0
3417,20.0,스트레칭,1753874021718.87,0.0,-26.97208571781904,3.0,3.0
3428,4.0,스트레칭,1753874512240.215,0.0,-23.13920418671855,3.0,3.0
3434,20.0,화 먹는 요정,1753875125008.153,-1.0,34.19605182464747,5.0,4.0
3437,13.0,"지금, 나 때문일까?",1753875839102.337,1.0,30.703038679248777,3.0,3.0
3444,20.0,나를 지켜줘,1753876846179.5452,-1.0,-44.50671984246786,5.0,5.0
3449,2.0,화 먹는 요정,1753877122359.137,0.0,41.35159930856922,3.0,3.0
3455,2.0,당 충전하기,1753878059770.7148,-2.0,-97.23984952655161,3.0,3.0
3464,19.0,나를 지켜줘,1753879894183.004,-1.0,36.05225246775913,3.0,3.0
3466,9.0,나를 지켜줘,1753879953659.9292,-1.0,2.558355115914715,4.0,4.0
3470,1.0,화 먹는 요정,1753880483116.796,0.0,-8.788439030211592,3.0,3.0
3472,19.0,"지금, 나 때문일까?",1753880778783.694,0.0,-27.089106187537027,2.0,2.0
3481,7.0,"지금, 나 때문일까?",1753881917845.321,0.0,-5.827475087606722,4.0,4.0
3483,13.0,지금 듣고 싶은 말,1753881970431.193,-2.0,147.196228347747,3.0,4.0
3491,11.0,지금 듣고 싶은 말,1753882607893.471,-1.0,-11.309755770077828,3.0,3.0
3493,11.0,나를 지켜줘,1753882809414.795,-1.0,222.1550875802521,3.0,3.0
3495,9.0,지금 듣고 싶은 말,1753882974097.154,-2.0,463.8506298688117,4.0,4.0
3497,7.0,당 충전하기,1753883060590.7751,0.0,3.3111835926373203,4.0,4.0
3459,6.0,당 충전하기,1753883101032.969,-1.0,5.504210696487647,2.0,2.0
3503,15.0,화 먹는 요정,1753883382489.98,1.0,-14.433557541203953,3.0,3.0
3511,15.0,"지금, 나 때문일까?",1753883880254.132,-3.0,176.79119644795855,3.0,3.0
3513,8.0,지금 듣고 싶은 말,1753883902165.37,-1.0,-328.99085409056926,3.0,2.0
3518,20.0,당 충전하기,1753884154746.3318,0.0,87.94356096034963,4.0,4.0
3527,18.0,당 충전하기,1753884696287.3,-2.0,-55.24148982170726,3.0,3.0
3529,15.0,당 충전하기,1753884722910.394,-3.0,-64.96593581649455,4.0,3.0
3547,10.0,"지금, 나 때문일까?",1753885830812.48,-1.0,-15.634017015261048,3.0,3.0
3551,18.0,나를 지켜줘,1753885880470.819,-1.0,-13.672021732719664,5.0,5.0
3552,19.0,호흡하기,1753885957391.341,-1.0,-0.31352173773535696,3.0,3.0
3554,3.0,지금 듣고 싶은 말,1753886183084.864,0.0,-407.9126130537181,4.0,4.0
3563,8.0,화 먹는 요정,1753887294241.999,0.0,8.357874816512933,3.0,3.0
3565,18.0,"지금, 나 때문일까?",1753887343230.356,1.0,332.12918590932685,3.0,3.0
3568,18.0,지금 듣고 싶은 말,1753887675918.202,2.0,-4.957883298974849,3.0,3.0
3570,16.0,스트레칭,1753887857732.317,-1.0,1.2624239033371012,3.0,3.0
3574,18.0,"지금, 나 때문일까?",1753887968210.3271,2.0,-66.66549613048775,5.0,5.0
3575,2.0,나를 지켜줘,1753887972446.92,0.0,1.4296052012053053,4.0,4.0
3576,3.0,스트레칭,1753888092883.116,0.0,39.5394904191287,5.0,4.0
3578,7.0,스트레칭,1753888139053.238,0.0,-1.0796552495771863,4.0,4.0
3582,18.0,나를 지켜줘,1753888551444.185,0.0,-309.96293960800756,5.0,5.0
3586,2.0,"지금, 나 때문일까?",1753889044568.372,0.0,-21.98983960044781,4.0,4.0
3591,9.0,나 잘했지?,1753889363638.037,0.0,-14.50120973475143,3.0,3.0
3594,11.0,호흡하기,1753889632164.812,-1.0,-104.28306010548204,4.0,4.0
3596,6.0,화 먹는 요정,1753889674629.195,-2.0,-7.6693352238807435,2.0,2.0
3601,1.0,스트레칭,1753890047469.521,-2.0,28.653274776571976,4.0,4.0
3610,14.0,화 먹는 요정,1753890848599.772,0.0,0.7873567439575879,4.0,4.0
3616,1.0,당 충전하기,1753891074594.231,0.0,18.798487236655546,3.0,3.0
3599,7.0,나를 지켜줘,1753891440280.845,-1.0,34.462394378082664,3.0,3.0
3519,18.0,화 먹는 요정,1753891441012.354,-2.0,-111.32488117963604,5.0,5.0
3622,16.0,나 잘했지?,1753891552953.537,0.0,-9.610777570680668,3.0,3.0
3625,1.0,나 잘했지?,1753891753364.63,0.0,11.964772010776485,3.0,3.0
3628,1.0,"지금, 나 때문일까?",1753891935059.1958,-1.0,4.830190725738234,2.0,3.0
3631,10.0,지금 듣고 싶은 말,1753892006483.789,0.0,-10.83536358673696,2.0,2.0
3634,7.0,나 잘했지?,1753892384889.92,0.0,12.564497597785007,4.0,4.0
3637,1.0,지금 듣고 싶은 말,1753892470055.731,-1.0,7.390102082241583,4.0,3.0
3643,7.0,"지금, 나 때문일까?",1753892785323.7388,0.0,5.708115433365542,3.0,3.0
3646,1.0,나를 지켜줘,1753893318458.067,-1.0,26.905554818839814,4.0,3.0
3652,8.0,나를 지켜줘,1753894334000.104,-1.0,-25.16054909822391,4.0,3.0
3658,16.0,호흡하기,1753894816806.031,0.0,-10.020235954321699,3.0,3.0
3661,16.0,당 충전하기,1753895177628.628,-1.0,3.3182729642984725,3.0,3.0
3663,11.0,"지금, 나 때문일까?",1753895262856.553,-2.0,-10.303439597876988,2.0,2.0
3666,8.0,화 먹는 요정,1753895515273.244,0.0,11.185898092946445,3.0,3.0
3668,16.0,당 충전하기,1753895825636.414,-1.0,118.80275183653369,3.0,3.0
3672,16.0,나 잘했지?,1753896099627.075,-1.0,64.07841156529233,3.0,3.0
3675,16.0,지금 듣고 싶은 말,1753896435722.2222,-1.0,-18.981179671379863,3.0,3.0
3677,8.0,나를 지켜줘,1753897408641.107,-2.0,71.64622919456791,4.0,4.0
3679,16.0,화 먹는 요정,1753897742405.38,0.0,-14.144649972757364,3.0,3.0
3659,12.0,"지금, 나 때문일까?",1753898163604.574,0.0,12.984127872604667,5.0,5.0
3685,10.0,스트레칭,1753899055482.6702,-2.0,-69.42249867823332,4.0,3.0
3693,10.0,화 먹는 요정,1753900950317.254,0.0,-3.8158226354703118,1.0,1.0
3694,16.0,호흡하기,1753900986575.772,-1.0,35.3343297325581,3.0,3.0
3697,12.0,화 먹는 요정,1753901885655.694,-3.0,123.86605670619144,5.0,4.0
3705,10.0,나 잘했지?,1753906013836.478,0.0,14.705580872043264,2.0,2.0
3714,19.0,당 충전하기,1753949297816.3982,0.0,-33.59758471267408,3.0,3.0
3731,19.0,나 잘했지?,1753951589365.667,-1.0,-4.281007257468701,2.0,2.0
3700,4.0,호흡하기,1753952302001.39,0.0,11.228347515524185,4.0,4.0
3747,19.0,화 먹는 요정,1753952634609.059,0.0,-19.243700824030356,3.0,3.0
3757,16.0,스트레칭,1753953130313.6472,0.0,67.44575685353016,3.0,3.0
3720,10.0,나를 지켜줘,1753953174130.767,0.0,-5.950614536586045,3.0,3.0
3773,12.0,나를 지켜줘,1753953877064.939,-1.0,-35.33720437654475,4.0,4.0
3785,20.0,지금 듣고 싶은 말,1753954545853.258,-1.0,112.90559146004799,4.0,4.0
3787,14.0,호흡하기,1753954552335.709,-1.0,15.398109268757352,4.0,4.0
3788,11.0,스트레칭,1753954556611.095,-3.0,-114.57739019020602,4.0,4.0
3789,19.0,화 먹는 요정,1753954574059.709,0.0,-96.18314318855028,2.0,2.0
3794,8.0,스트레칭,1753955185916.437,-1.0,-123.76212772699395,3.0,3.0
3819,19.0,나를 지켜줘,1753957320217.48,-2.0,-9.491694038741883,3.0,3.0
3824,2.0,화 먹는 요정,1753958122698.458,-2.0,99.0785369370223,3.0,3.0
3826,19.0,"지금, 나 때문일까?",1753958201416.698,1.0,-103.18906508193675,2.0,2.0
3830,19.0,스트레칭,1753958489236.258,-1.0,-2.6952924092860826,3.0,3.0
3832,14.0,당 충전하기,1753958668023.821,0.0,1.1651475346967146,4.0,4.0
3840,20.0,나 잘했지?,1753959275623.357,0.0,2.055300307713196,4.0,4.0
3846,8.0,"지금, 나 때문일까?",1753960013595.659,0.0,61.20919580904016,2.0,3.0
3849,20.0,화 먹는 요정,1753960287305.965,-1.0,2.2844369778649423,4.0,4.0
3853,3.0,당 충전하기,1753960606912.942,0.0,52.291485980075514,4.0,4.0
3779,15.0,지금 듣고 싶은 말,1753960646778.239,0.0,25.1618000847065,4.0,3.0
3856,13.0,나 잘했지?,1753960777952.8389,-1.0,-51.397098005714426,3.0,3.0
3860,15.0,"지금, 나 때문일까?",1753961235052.827,1.0,-56.7946027578387,4.0,3.0
3862,16.0,나를 지켜줘,1753961573471.0762,1.0,-18.755771598806234,3.0,3.0
3870,13.0,화 먹는 요정,1753963632116.247,1.0,23.372887142998763,2.0,2.0
3872,17.0,화 먹는 요정,1753963752130.2651,0.0,-80.88262391487032,3.0,3.0
3874,6.0,"지금, 나 때문일까?",1753963776653.135,0.0,-11.93008586904633,2.0,2.0
3880,17.0,지금 듣고 싶은 말,1753964155323.401,0.0,1.6167779933296913,3.0,3.0
3898,18.0,스트레칭,1753965572657.445,-2.0,-9.828724343201944,3.0,3.0
3902,19.0,호흡하기,1753965775447.036,0.0,-6.656361188713703,3.0,3.0
3905,6.0,화 먹는 요정,1753966015992.7092,-1.0,-19.323028484380885,2.0,2.0
3912,3.0,스트레칭,1753966708359.233,0.0,-0.860399683358736,5.0,4.0
3919,19.0,지금 듣고 싶은 말,1753967325847.906,-1.0,-67.63105602739421,2.0,2.0
3927,8.0,당 충전하기,1753968152475.374,0.0,-18.460199622725348,3.0,3.0
3930,2.0,당 충전하기,1753968176007.9612,-2.0,121.19312024303218,3.0,3.0
3932,3.0,나 잘했지?,1753968408150.067,0.0,77.17218656183644,5.0,4.0
3938,10.0,당 충전하기,1753968802956.376,-1.0,75.09863499273996,3.0,3.0
3940,18.0,호흡하기,1753969011488.205,-4.0,-69.02727964602352,5.0,5.0
3950,11.0,화 먹는 요정,1753970143025.087,-2.0,292.991362564236,3.0,3.0
3953,16.0,화 먹는 요정,1753970229202.5432,0.0,21.484552334598916,3.0,3.0
3955,19.0,나 잘했지?,1753970288053.254,-2.0,-51.482043214737445,2.0,2.0
3875,15.0,지금 듣고 싶은 말,1753970408280.3462,-3.0,-106.77021279496138,4.0,3.0
3958,12.0,지금 듣고 싶은 말,1753970469720.929,-2.0,107.3430752915375,4.0,3.0
3960,15.0,호흡하기,1753970529495.73,0.0,-19.976146789951684,3.0,3.0
3961,8.0,나 잘했지?,1753970544093.7258,-1.0,358.6651949366866,2.0,2.0
3963,16.0,나 잘했지?,1753970680611.992,0.0,-9.742712816004584,3.0,3.0
3965,15.0,당 충전하기,1753970960418.839,1.0,3.482359610797971,4.0,3.0
3967,2.0,나를 지켜줘,1753971132551.6392,-1.0,50.88013877039759,3.0,3.0
3973,13.0,나를 지켜줘,1753971554540.3362,1.0,-113.73849806662416,4.0,5.0
3979,9.0,나를 지켜줘,1753972179643.704,0.0,-84.3803853679821,5.0,5.0
3982,3.0,화 먹는 요정,1753972386835.229,-1.0,-11.518065351307804,5.0,4.0
3985,17.0,"지금, 나 때문일까?",1753972548253.985,0.0,-357.03765306640577,3.0,3.0
3988,17.0,당 충전하기,1753973109458.927,1.0,76.03983142918787,3.0,3.0
3993,8.0,호흡하기,1753973352494.6848,-2.0,-31.35814023795917,4.0,4.0
3999,14.0,나 잘했지?,1753973911805.999,-1.0,-11.377652232522024,5.0,5.0
4003,2.0,당 충전하기,1753974154911.674,0.0,-11.760741338949686,5.0,5.0
4007,13.0,호흡하기,1753974292915.082,0.0,-13.891419287982046,5.0,4.0
4008,8.0,지금 듣고 싶은 말,1753974346695.388,-1.0,-16.864289831500656,3.0,3.0
4017,8.0,당 충전하기,1753975077292.717,-2.0,-76.252583121246,3.0,3.0
4023,4.0,나 잘했지?,1753975479864.545,-3.0,-17.615637800529747,3.0,2.0
4027,9.0,지금 듣고 싶은 말,1753976089805.4028,-1.0,-9.23318384515294,3.0,3.0
4030,11.0,나를 지켜줘,1753976119439.97,-1.0,-0.5613949727850382,3.0,2.0
4031,6.0,호흡하기,1753976135829.364,-1.0,115.36507402199442,5.0,5.0
4039,6.0,나 잘했지?,1753976556379.712,0.0,63.70562530755835,2.0,2.0
4049,18.0,나 잘했지?,1753978011586.252,0.0,-72.21295795632182,5.0,5.0
4050,14.0,"지금, 나 때문일까?",1753978081393.053,-1.0,-21.905563147312648,4.0,4.0
4060,18.0,당 충전하기,1753979072733.719,3.0,-21.67674107804735,5.0,5.0
4065,10.0,지금 듣고 싶은 말,1753979369772.266,0.0,-68.82648569181084,2.0,2.0
4069,8.0,지금 듣고 싶은 말,1753979658191.765,-2.0,-15.987535521025023,3.0,3.0
4073,8.0,호흡하기,1753980198757.19,-2.0,-2.5106501818252482,4.0,4.0
4096,13.0,스트레칭,1753980480808.2402,1.0,-8.826089303165105,2.0,1.0
4099,16.0,지금 듣고 싶은 말,1753980631299.924,0.0,-28.323157432493822,3.0,3.0
4101,11.0,지금 듣고 싶은 말,1753980721728.397,-1.0,19.689454056313593,3.0,3.0
4103,4.0,당 충전하기,1753981185941.533,0.0,-38.37249717407184,3.0,3.0
4114,16.0,호흡하기,1753982684102.494,0.0,-15.69583004723276,3.0,3.0
4119,13.0,"지금, 나 때문일까?",1753983166450.793,0.0,-18.821514392625488,2.0,2.0
4125,16.0,당 충전하기,1753983841849.506,0.0,-0.44323020791435397,3.0,3.0
4126,12.0,"지금, 나 때문일까?",1753983889490.967,-1.0,-50.72328989121105,4.0,4.0
4127,13.0,호흡하기,1753983934627.606,1.0,13.314365347387394,3.0,3.0
4128,14.0,호흡하기,1753983957239.9968,-2.0,-49.31555925233256,3.0,3.0
4130,13.0,"지금, 나 때문일까?",1753983979195.5378,1.0,73.11908467136726,1.0,1.0
4132,18.0,"지금, 나 때문일까?",1753984085994.0532,2.0,-2.309820263000745,3.0,3.0
4134,12.0,나 잘했지?,1753984183784.323,-1.0,-12.539758363781374,5.0,5.0
4146,18.0,나를 지켜줘,1753984810784.0242,-2.0,-12.177750989344744,3.0,3.0
4163,9.0,나를 지켜줘,1753989562249.176,-1.0,-8.880119733457583,5.0,4.0
4176,10.0,호흡하기,1754036872241.151,-1.0,16.345222306499153,4.0,4.0
4197,10.0,"지금, 나 때문일까?",1754039264141.8298,-1.0,-18.354341638075695,3.0,3.0
4202,12.0,호흡하기,1754039665951.5,-1.0,10.22432668945082,5.0,5.0
4221,19.0,호흡하기,1754040707953.75,0.0,-37.762672168791596,3.0,3.0
4231,20.0,나를 지켜줘,1754040973546.078,-2.0,32.82934729634799,4.0,4.0
4236,12.0,화 먹는 요정,1754041222245.6802,-1.0,-314.14578874900843,4.0,4.0
4241,19.0,나를 지켜줘,1754041474229.3389,0.0,-145.52669519129893,3.0,3.0
4244,2.0,나를 지켜줘,1754041593692.932,-2.0,-18.223009351962048,3.0,3.0
4245,12.0,당 충전하기,1754041601834.746,-1.0,-15.182961413780788,3.0,2.0
4250,11.0,"지금, 나 때문일까?",1754041809552.939,-2.0,149.2773765770199,2.0,2.0
4256,8.0,당 충전하기,1754042115300.0269,-2.0,10.511269442730722,4.0,4.0
4265,2.0,화 먹는 요정,1754042989351.382,-3.0,130.4326257574802,3.0,3.0
4267,9.0,화 먹는 요정,1754043023781.634,-1.0,-18.010385562216733,3.0,3.0
4278,18.0,화 먹는 요정,1754043522298.506,-4.0,-128.3875947603761,5.0,5.0
4284,1.0,호흡하기,1754044004915.863,-1.0,-5.49976252265499,4.0,4.0
4288,16.0,나를 지켜줘,1754044067122.6838,0.0,19.756375716851863,3.0,3.0
4311,3.0,지금 듣고 싶은 말,1754044725982.877,0.0,-36.95794439117187,5.0,4.0
4313,11.0,나 잘했지?,1754044903994.9492,-3.0,-21.384714883526655,3.0,2.0
4328,3.0,"지금, 나 때문일까?",1754045653504.624,0.0,-480.0296179577428,1.0,2.0
4018,11.0,스트레칭,1754045694284.114,-3.0,41.37214269862892,4.0,4.0
4037,10.0,나를 지켜줘,1754045709539.974,0.0,58.154278168516846,3.0,3.0
4332,12.0,호흡하기,1754045914934.072,-2.0,58.15403687108662,5.0,4.0
4333,16.0,지금 듣고 싶은 말,1754045937827.4502,0.0,-32.579970141344276,3.0,3.0
4338,9.0,스트레칭,1754046357077.9011,0.0,2.5591514045049166,5.0,5.0
4349,20.0,지금 듣고 싶은 말,1754047073995.5662,-1.0,-151.59954794403524,4.0,4.0
4356,9.0,지금 듣고 싶은 말,1754047446077.2668,1.0,-2.258947285579737,4.0,3.0
4371,14.0,화 먹는 요정,1754050117107.744,-1.0,5.804060455507866,5.0,5.0
4376,3.0,스트레칭,1754051387090.018,-1.0,114.06264104867493,5.0,4.0
4387,3.0,당 충전하기,1754052233320.652,-1.0,-286.6377127321283,5.0,4.0
4396,1.0,화 먹는 요정,1754052864065.111,-1.0,8.015733982767472,3.0,3.0
4398,14.0,당 충전하기,1754052960319.842,0.0,-30.335591269352392,4.0,4.0
4401,3.0,지금 듣고 싶은 말,1754053099273.352,-1.0,-20.956787275435595,5.0,4.0
4403,1.0,"지금, 나 때문일까?",1754053316086.477,-1.0,19.587156497517512,3.0,2.0
4410,15.0,"지금, 나 때문일까?",1754053737365.3582,0.0,-12.413834479330163,4.0,3.0
4413,14.0,당 충전하기,1754053827065.05,0.0,25.25645418128417,3.0,2.0
4414,1.0,호흡하기,1754053864231.7068,-1.0,-24.47558148985317,4.0,4.0
4417,17.0,"지금, 나 때문일까?",1754053950187.137,0.0,10.572752809362697,3.0,3.0
4419,11.0,나를 지켜줘,1754053981629.991,-2.0,-33.64254565563709,3.0,2.0
4424,18.0,나 잘했지?,1754054636308.664,2.0,67.59149929196042,1.0,1.0
4425,17.0,호흡하기,1754054654487.809,0.0,77.88993527734763,3.0,3.0
4426,15.0,호흡하기,1754054690412.4932,0.0,-4.316303120903015,4.0,4.0
4430,15.0,나를 지켜줘,1754055295479.437,1.0,-52.83983386953986,4.0,4.0
4432,20.0,당 충전하기,1754055336435.872,0.0,12.777985477365817,5.0,5.0
4435,1.0,나를 지켜줘,1754055394924.1128,-1.0,-47.05289138088847,3.0,3.0
4437,15.0,당 충전하기,1754055588630.447,-3.0,-48.386992363297665,3.0,3.0
4216,18.0,스트레칭,1754056353645.88,0.0,-48.46008713438054,5.0,5.0
4453,12.0,나 잘했지?,1754057261023.091,-1.0,5.286431809757502,5.0,4.0
4485,18.0,호흡하기,1754061473591.799,4.0,104.61625487051532,1.0,1.0
4507,8.0,스트레칭,1754061581571.165,-2.0,-51.22664349067327,4.0,4.0
4513,9.0,지금 듣고 싶은 말,1754062361361.3408,-1.0,12.117858896207956,5.0,4.0
4517,1.0,당 충전하기,1754062523080.342,0.0,38.1979078052032,3.0,3.0
4518,8.0,나를 지켜줘,1754062543091.322,-1.0,-19.4315925581505,4.0,4.0
4520,6.0,"지금, 나 때문일까?",1754062707391.1082,0.0,-11.330594976998157,2.0,2.0
4535,1.0,나 잘했지?,1754063786865.727,-1.0,17.824156010841463,3.0,3.0
4539,18.0,당 충전하기,1754064135463.2478,2.0,77.81486642121979,3.0,3.0
4547,14.0,나 잘했지?,1754065086138.746,-2.0,-30.15191935914224,4.0,4.0
4553,1.0,스트레칭,1754065366605.228,-1.0,10.77494152040616,4.0,4.0
4556,2.0,화 먹는 요정,1754065558001.495,0.0,-1.7788501533579506,5.0,5.0
4465,7.0,지금 듣고 싶은 말,1754065857493.003,-3.0,-58.22176941179995,4.0,4.0
4563,7.0,당 충전하기,1754066099067.689,0.0,-102.47626211840748,4.0,4.0
4568,7.0,화 먹는 요정,1754066367927.4612,-2.0,-43.35203404915334,4.0,4.0
4580,2.0,나를 지켜줘,1754068021553.4211,0.0,36.47799564110427,5.0,5.0
4584,7.0,호흡하기,1754068233414.7,0.0,-6.192308400224007,4.0,4.0
4587,2.0,당 충전하기,1754068339962.6208,0.0,-0.4468412850733188,5.0,5.0
4589,6.0,화 먹는 요정,1754068385405.407,0.0,-34.52966794794255,3.0,3.0
4596,12.0,당 충전하기,1754068969583.685,-1.0,-9.908766687249681,3.0,2.0
4599,8.0,지금 듣고 싶은 말,1754069217033.583,0.0,315.80998407471554,3.0,3.0
4600,7.0,당 충전하기,1754069228490.64,-2.0,-11.527115739177244,4.0,4.0
4601,12.0,스트레칭,1754069279728.393,-1.0,-36.00154774919642,5.0,5.0
4614,13.0,지금 듣고 싶은 말,1754073143081.061,1.0,15.53076756694037,3.0,4.0
4643,1.0,나 잘했지?,1754127165902.238,-2.0,-30.250203125677814,3.0,3.0
4645,14.0,"지금, 나 때문일까?",1754127573571.104,-2.0,10.17963625885259,3.0,2.0
4647,4.0,호흡하기,1754127847779.826,-3.0,64.68022209133707,4.0,3.0
4669,4.0,스트레칭,1754132354640.95,-2.0,203.16993698271818,3.0,3.0
4672,1.0,당 충전하기,1754133269612.943,-1.0,-0.19765514751352953,3.0,3.0
4674,4.0,"지금, 나 때문일까?",1754133568495.902,-3.0,-37.260946379170804,3.0,3.0
4680,14.0,화 먹는 요정,1754135376113.593,-1.0,-8.466727260356862,4.0,4.0
4689,14.0,호흡하기,1754137478138.189,0.0,14.612549960950176,4.0,4.0
4694,1.0,호흡하기,1754143739508.154,0.0,-3.2991981994379174,4.0,4.0
4697,1.0,나를 지켜줘,1754144610577.762,0.0,-3.8455438807659306,3.0,3.0
4707,4.0,지금 듣고 싶은 말,1754148562044.232,0.0,-67.0852888871568,2.0,2.0
4710,14.0,"지금, 나 때문일까?",1754149557811.052,-1.0,181.029031197869,4.0,4.0
4713,1.0,"지금, 나 때문일까?",1754150811523.658,0.0,-18.10626667404817,3.0,3.0
4720,1.0,스트레칭,1754153835718.208,-1.0,-286.48942672409237,4.0,4.0
4723,1.0,화 먹는 요정,1754154288875.568,0.0,-37.230580062759344,3.0,3.0
4729,1.0,나 잘했지?,1754155278236.436,0.0,-31.301744662042537,3.0,3.0
4740,1.0,"지금, 나 때문일까?",1754213578721.233,0.0,12.374195727545555,2.0,2.0
4742,12.0,나를 지켜줘,1754213619833.375,-2.0,39.69529890620797,4.0,3.0
4745,1.0,화 먹는 요정,1754214236638.507,0.0,150.05158711899077,2.0,2.0
4756,12.0,화 먹는 요정,1754219952838.431,-1.0,-12.510022156851733,4.0,4.0
4775,1.0,호흡하기,1754231760661.8052,0.0,369.5377480312199,4.0,4.0
4780,1.0,나를 지켜줘,1754233720909.43,0.0,46.117147213171165,4.0,4.0
4789,12.0,호흡하기,1754237497759.9712,-1.0,18.5804219999643,5.0,4.0
4795,1.0,스트레칭,1754239141359.586,-1.0,97.04818545459833,4.0,4.0
4797,12.0,당 충전하기,1754239249399.82,-2.0,-83.45688154995511,4.0,2.0
4807,12.0,"지금, 나 때문일까?",1754244250022.868,-1.0,-86.38915877527447,5.0,5.0
4828,10.0,화 먹는 요정,1754297950693.512,-1.0,-14.30326930619838,3.0,3.0
4840,6.0,나 잘했지?,1754298650430.697,0.0,57.296119279766316,3.0,3.0
4846,14.0,나를 지켜줘,1754298826246.474,0.0,-39.05652947038672,4.0,4.0
4853,17.0,지금 듣고 싶은 말,1754299597432.9531,1.0,162.38631758948088,3.0,3.0
4864,17.0,당 충전하기,1754300091636.172,1.0,18.90276471100171,3.0,3.0
4866,11.0,당 충전하기,1754300184103.5662,-3.0,164.7049760226896,4.0,4.0
4874,17.0,호흡하기,1754300604613.043,0.0,20.974825181628518,3.0,3.0
4892,6.0,호흡하기,1754300660361.7349,-1.0,75.4730052278087,4.0,4.0
4893,17.0,"지금, 나 때문일까?",1754300661479.9712,0.0,-39.333933857512605,3.0,3.0
4899,17.0,스트레칭,1754300887720.78,1.0,-30.258511864400205,3.0,3.0
4900,14.0,스트레칭,1754300993344.77,-1.0,-92.6470142351879,3.0,3.0
4902,17.0,나 잘했지?,1754301141065.654,1.0,-51.4588930248418,3.0,3.0
4904,2.0,화 먹는 요정,1754301536027.308,-1.0,-28.77356793936309,3.0,3.0
4919,13.0,화 먹는 요정,1754302432346.326,1.0,17.178324369722418,3.0,3.0
4920,11.0,화 먹는 요정,1754302436748.188,-3.0,-105.37778481500877,3.0,3.0
4926,11.0,나 잘했지?,1754302770383.5278,-3.0,-311.48032635698956,3.0,3.0
4930,19.0,화 먹는 요정,1754303121946.171,0.0,12.839459179134451,3.0,3.0
4954,10.0,스트레칭,1754303323737.442,-2.0,-34.447469956905685,4.0,4.0
4966,9.0,"지금, 나 때문일까?",1754303878344.122,1.0,-0.9213249737110374,3.0,3.0
4968,20.0,화 먹는 요정,1754304049720.792,-1.0,94.97063665049726,4.0,4.0
4994,20.0,호흡하기,1754304860784.8298,1.0,34.308781585002464,3.0,3.0
4998,6.0,지금 듣고 싶은 말,1754305179986.408,0.0,35.776060407215155,3.0,3.0
5030,13.0,나 잘했지?,1754307225111.22,0.0,-61.32316159053164,2.0,2.0
5032,3.0,호흡하기,1754307506918.013,-1.0,-37.82729581042709,5.0,4.0
5034,8.0,당 충전하기,1754307529602.6309,-1.0,-40.83562111339473,3.0,3.0
5037,3.0,화 먹는 요정,1754307894857.202,-1.0,-1.8689402581780712,5.0,4.0
5041,8.0,"지금, 나 때문일까?",1754308682780.37,-1.0,-20.187268717347035,2.0,2.0
5044,13.0,호흡하기,1754308880405.8088,0.0,3.9837341820196457,4.0,4.0
5047,12.0,나 잘했지?,1754309074847.2478,-1.0,65.81498697074838,5.0,4.0
5051,12.0,스트레칭,1754309766219.15,-1.0,-59.671602397073514,4.0,4.0
5055,1.0,나를 지켜줘,1754310197604.492,-1.0,15.625981249834084,4.0,3.0
5057,2.0,당 충전하기,1754310351717.62,0.0,-31.545318351326884,4.0,4.0
5062,20.0,나 잘했지?,1754310673788.263,-2.0,-37.609387174552765,4.0,4.0
5088,8.0,호흡하기,1754311312014.5752,0.0,71.93565093958756,4.0,3.0
5095,6.0,당 충전하기,1754311843086.0212,0.0,32.739554643310456,2.0,2.0
5096,1.0,스트레칭,1754311858543.402,-1.0,-299.3788405071889,4.0,4.0
5103,8.0,나를 지켜줘,1754312377793.609,0.0,130.2635165129239,3.0,3.0
5106,4.0,화 먹는 요정,1754312652886.174,0.0,-203.27730866980977,3.0,3.0
5123,19.0,나 잘했지?,1754314868068.0908,-1.0,-127.91478206303577,2.0,2.0
5130,4.0,호흡하기,1754315512202.912,0.0,60.618005879716605,3.0,2.0
5138,9.0,당 충전하기,1754316261726.384,-3.0,-91.05673319639186,5.0,4.0
5140,14.0,당 충전하기,1754316622365.126,-1.0,-56.989709340620294,4.0,4.0
5168,10.0,스트레칭,1754317683277.239,-1.0,9.602583994880426,4.0,4.0
5170,13.0,당 충전하기,1754317953257.865,0.0,-43.129669845111096,4.0,3.0
5172,3.0,"지금, 나 때문일까?",1754318248816.87,2.0,6.253166841691694,1.0,1.0
5175,6.0,스트레칭,1754318496030.269,0.0,-32.84029386661213,2.0,2.0
5176,8.0,나를 지켜줘,1754318510269.923,-2.0,42.732763963445734,4.0,4.0
5179,12.0,나를 지켜줘,1754318792332.0571,0.0,178.06808027979753,4.0,4.0
5187,20.0,스트레칭,1754319329568.044,0.0,-74.08647581062296,3.0,3.0
5190,12.0,지금 듣고 싶은 말,1754320111597.6372,-2.0,9.150806377174646,5.0,5.0
5193,4.0,"지금, 나 때문일까?",1754320408467.685,1.0,-26.25887604682029,2.0,2.0
5195,11.0,"지금, 나 때문일까?",1754320501202.688,-1.0,-194.8742730206651,2.0,2.0
5203,11.0,스트레칭,1754321248036.3772,-3.0,66.97024558887011,4.0,4.0
5226,15.0,지금 듣고 싶은 말,1754321414135.914,0.0,57.76332478809668,4.0,3.0
5227,12.0,호흡하기,1754321421657.115,-1.0,-6.796070557192991,5.0,5.0
5206,20.0,나를 지켜줘,1754321425099.456,-1.0,-28.326124287157725,5.0,4.0
5232,15.0,나 잘했지?,1754321753494.207,0.0,-209.52289320803627,4.0,3.0
5236,11.0,지금 듣고 싶은 말,1754322162750.633,-2.0,-82.69740481624996,2.0,2.0
5238,15.0,화 먹는 요정,1754322329387.426,0.0,-39.08964222504363,4.0,3.0
5241,13.0,화 먹는 요정,1754322486689.43,0.0,-75.24511850432341,2.0,2.0
5248,10.0,호흡하기,1754323097588.5571,-1.0,-7.858994910647468,4.0,4.0
5255,6.0,나 잘했지?,1754323519375.6082,0.0,38.57197796051021,2.0,2.0
5260,9.0,스트레칭,1754323994836.4438,0.0,-0.19201422923738676,5.0,4.0
5261,4.0,스트레칭,1754323999788.982,0.0,16.042591534612477,3.0,3.0
5275,12.0,당 충전하기,1754326321010.626,-1.0,33.94222389368224,4.0,3.0
5279,15.0,지금 듣고 싶은 말,1754326843467.776,0.0,-51.702217813613416,4.0,3.0
5287,13.0,스트레칭,1754328361592.228,-2.0,-77.74680632447559,2.0,2.0
5289,3.0,당 충전하기,1754328387677.4138,-1.0,8.687535096917728,5.0,4.0
5292,12.0,나 잘했지?,1754328932258.604,-1.0,16.308608066719657,5.0,5.0
5295,13.0,나를 지켜줘,1754328956957.349,-1.0,-110.0173621120201,4.0,4.0
5323,15.0,당 충전하기,1754330766297.939,0.0,-37.60857678401382,4.0,3.0
5344,1.0,호흡하기,1754330864963.226,-1.0,20.48199874128143,4.0,4.0
5346,8.0,"지금, 나 때문일까?",1754332027082.2122,-2.0,-7.2450827319422615,3.0,3.0
5350,1.0,나 잘했지?,1754336667886.3108,-1.0,-0.7776404176705114,3.0,3.0
5370,1.0,"지금, 나 때문일까?",1754383201933.962,0.0,8.913083153257617,2.0,2.0
5372,12.0,당 충전하기,1754383318636.27,-1.0,20.811455880384656,3.0,2.0
5406,17.0,화 먹는 요정,1754384969727.371,0.0,-36.09774663594059,3.0,3.0
5409,12.0,화 먹는 요정,1754385133405.2322,-1.0,-57.60240041501979,5.0,4.0
5416,10.0,당 충전하기,1754385339200.031,-1.0,-41.952285726626314,3.0,3.0
5104,8.0,나 잘했지?,1754385411011.904,0.0,65.16944040294615,3.0,3.0
2932,14.0,나 잘했지?,1754385498642.352,0.0,-18.966030035795768,3.0,3.0
2933,10.0,"지금, 나 때문일까?",1754385557020.694,0.0,-12.501680298701729,3.0,3.0
2978,17.0,지금 듣고 싶은 말,1754385622585.204,0.0,-58.92121137268866,3.0,3.0
3001,20.0,지금 듣고 싶은 말,1754385630557.3162,-1.0,7.619036572159445,4.0,4.0
2979,9.0,나를 지켜줘,1754385666999.899,-3.0,4.5975456991346135,5.0,5.0
4078,1.0,화 먹는 요정,1754386219934.129,0.0,-15.261912475432041,2.0,2.0
4912,13.0,지금 듣고 싶은 말,1754386792868.605,0.0,-89.56720517681697,4.0,3.0
4938,17.0,나 잘했지?,1754386838752.0571,0.0,-10.761514219668882,3.0,3.0
5327,18.0,지금 듣고 싶은 말,1754387348740.9768,0.0,-111.18664481935066,5.0,5.0
2934,17.0,스트레칭,1754387698194.731,1.0,-107.95109620814569,3.0,3.0
5424,3.0,스트레칭,1754387754613.487,-1.0,-2.583932965220626,5.0,4.0
5425,20.0,나 잘했지?,1754387905620.5188,-1.0,-9.76226539359564,4.0,4.0
5149,18.0,나를 지켜줘,1754388940298.678,0.0,243.1846615390008,5.0,5.0
5387,18.0,호흡하기,1754389429045.3408,-2.0,34.59763281742454,3.0,3.0
2936,20.0,호흡하기,1754389590690.987,0.0,-14.702489722327627,3.0,3.0
5072,13.0,"지금, 나 때문일까?",1754391230607.937,2.0,-85.92574524411603,3.0,2.0
5389,1.0,화 먹는 요정,1754392223920.9978,-1.0,-23.17807214055057,3.0,3.0
5333,6.0,호흡하기,1754392290677.741,-1.0,-246.10162646883222,4.0,4.0
5391,20.0,스트레칭,1754392471030.482,-1.0,-35.988221129468045,3.0,3.0
4083,1.0,나 잘했지?,1754392912704.641,0.0,3.1401308784993347,2.0,2.0
4300,3.0,"지금, 나 때문일까?",1754393223150.493,1.0,-41.69623087530212,1.0,1.0
5152,8.0,스트레칭,1754394168755.1008,-1.0,-73.37610728583164,4.0,4.0
5244,20.0,"지금, 나 때문일까?",1754394234140.157,-1.0,-56.52358794457234,4.0,4.0
5314,3.0,나 잘했지?,1754398121009.994,-1.0,-25.479568496791224,5.0,4.0
2941,3.0,지금 듣고 싶은 말,1754398666204.114,-1.0,-43.52553855584153,4.0,4.0
4946,13.0,지금 듣고 싶은 말,1754399693461.77,0.0,-139.69327696944546,3.0,2.0
5077,11.0,지금 듣고 싶은 말,1754399776812.671,-2.0,155.11494554424763,3.0,3.0
5158,6.0,나를 지켜줘,1754399963796.3809,-1.0,66.86571087080554,5.0,5.0
5159,6.0,화 먹는 요정,1754400269810.015,0.0,41.62886108521094,3.0,3.0
5216,20.0,나를 지켜줘,1754400319906.614,-1.0,27.55481659854135,5.0,5.0
5399,11.0,당 충전하기,1754400706754.43,-3.0,-46.44277389708469,4.0,4.0
5338,10.0,지금 듣고 싶은 말,1754400897960.617,0.0,-28.312844447573475,2.0,2.0
4305,1.0,나를 지켜줘,1754401915739.371,0.0,-29.223937289150648,3.0,2.0
4948,12.0,호흡하기,1754402272932.602,-1.0,-96.85115893456606,5.0,5.0
5218,10.0,나 잘했지?,1754403330768.747,1.0,-121.76549027563784,2.0,2.0
2945,12.0,나를 지켜줘,1754403899873.675,-2.0,-18.440492979817066,4.0,3.0
3334,14.0,"지금, 나 때문일까?",1754404046413.948,0.0,-23.364071295709323,2.0,2.0
4306,16.0,나 잘했지?,1754404261752.078,-1.0,0.22806822773179647,3.0,3.0
4496,7.0,화 먹는 요정,1754404588247.508,1.0,-345.788169489951,3.0,3.0
4950,14.0,나를 지켜줘,1754404829935.1318,0.0,-56.66927979923423,4.0,4.0
5162,7.0,나를 지켜줘,1754405146451.5,-3.0,-14.292201516599526,3.0,3.0
2947,19.0,"지금, 나 때문일까?",1754405641888.795,0.0,-62.986191113698055,2.0,2.0
3259,16.0,호흡하기,1754405841647.704,0.0,-44.29918999264626,3.0,3.0
3701,7.0,스트레칭,1754406152104.484,0.0,60.05101236589276,4.0,4.0
4524,6.0,당 충전하기,1754406547493.7148,0.0,-7.952166438893656,3.0,3.0
4983,13.0,지금 듣고 싶은 말,1754406713979.137,-2.0,-76.73799264213517,2.0,1.0
4984,10.0,"지금, 나 때문일까?",1754406940345.698,0.0,6.5153960084188896,3.0,3.0
5164,13.0,스트레칭,1754407175912.048,0.0,102.19627401153795,4.0,3.0
5318,14.0,화 먹는 요정,1754407280329.346,-1.0,-80.43061089638054,5.0,5.0
5341,7.0,화 먹는 요정,1754407287580.4429,0.0,-27.201262366013573,4.0,4.0
3262,1.0,"지금, 나 때문일까?",1754407631143.561,0.0,-76.63737862072603,2.0,2.0
4091,9.0,화 먹는 요정,1754407719796.238,0.0,-1.4569224368714586,3.0,3.0
4501,13.0,화 먹는 요정,1754408143845.998,0.0,58.335513185105356,4.0,3.0
4502,19.0,지금 듣고 싶은 말,1754408268451.8489,0.0,-32.389874944429494,2.0,2.0
5321,18.0,"지금, 나 때문일까?",1754408383572.058,2.0,105.21999514230804,1.0,1.0
3339,19.0,화 먹는 요정,1754408778005.665,0.0,-47.52646791693101,2.0,2.0
3340,6.0,나를 지켜줘,1754409683558.176,-1.0,37.440762820822634,5.0,5.0
3265,11.0,나 잘했지?,1754410704944.601,-3.0,65.39492357183161,3.0,3.0
5462,18.0,나 잘했지?,1754411241295.747,2.0,-5.4884212856957575,3.0,3.0
4094,9.0,지금 듣고 싶은 말,1754411403717.419,-2.0,-12.578154855939857,3.0,3.0
5465,16.0,스트레칭,1754411588790.65,-1.0,-25.419127851687612,3.0,3.0
4309,11.0,나를 지켜줘,1754412538254.52,-3.0,-51.424728857294895,3.0,3.0
4715,4.0,당 충전하기,1754412987900.976,-3.0,19.395373455558975,3.0,3.0
4890,6.0,"지금, 나 때문일까?",1754414190745.834,-1.0,17.047215683698568,2.0,2.0
5185,9.0,스트레칭,1754414315578.905,0.0,-6.797715665120478,5.0,5.0
5484,14.0,호흡하기,1754414631926.738,-1.0,-30.643291737425336,4.0,4.0
5486,4.0,지금 듣고 싶은 말,1754414717494.067,-1.0,-55.48996424780894,3.0,4.0
5488,14.0,당 충전하기,1754415439577.338,0.0,-33.41771096110614,3.0,3.0
5490,13.0,나 잘했지?,1754415757881.823,-2.0,-34.32276407136749,3.0,2.0
5223,4.0,나 잘했지?,1754416016747.708,-2.0,-225.98172873784816,4.0,4.0
5437,14.0,스트레칭,1754416691432.843,0.0,94.77937651578596,4.0,3.0
5494,16.0,화 먹는 요정,1754416795694.7268,-1.0,-109.71840402230107,3.0,3.0
5533,15.0,나 잘했지?,1754418943319.352,0.0,-193.60720253362607,3.0,3.0
5537,15.0,당 충전하기,1754419265942.644,-1.0,-18.63536786293068,3.0,3.0
5540,19.0,호흡하기,1754421266027.7031,0.0,-78.63005830454784,3.0,3.0
5553,6.0,화 먹는 요정,1754468646715.684,0.0,-25.014502896080437,2.0,2.0
5557,1.0,당 충전하기,1754469152770.485,-1.0,11.846431314386109,3.0,3.0
5563,4.0,호흡하기,1754469913391.794,-2.0,111.43389324714049,4.0,4.0
5565,1.0,스트레칭,1754470049093.356,-1.0,-564.0948846001763,4.0,4.0
5581,17.0,"지금, 나 때문일까?",1754471303903.509,0.0,-54.036579656132105,3.0,3.0
5594,1.0,호흡하기,1754472039073.622,-1.0,-0.013666530766215601,4.0,4.0
5600,3.0,당 충전하기,1754472237236.126,-1.0,-141.3674766990792,5.0,4.0
5608,17.0,화 먹는 요정,1754472412713.555,0.0,19.307811385521944,3.0,3.0
5609,8.0,"지금, 나 때문일까?",1754472421449.897,-1.0,-27.810115024446254,2.0,2.0
5611,6.0,나를 지켜줘,1754472486760.321,-1.0,-41.317597887441636,4.0,4.0
5617,17.0,당 충전하기,1754472825871.491,1.0,2.4714084212908034,3.0,3.0
5619,8.0,지금 듣고 싶은 말,1754472999842.657,-1.0,-0.20411243369098742,3.0,3.0
5621,17.0,스트레칭,1754473058843.348,1.0,-29.54857799422203,3.0,3.0
5622,14.0,화 먹는 요정,1754473167607.067,-2.0,-30.33295545812267,4.0,4.0
5624,17.0,나를 지켜줘,1754473276191.311,0.0,16.196638225545158,3.0,3.0
5626,8.0,스트레칭,1754473357403.0342,-1.0,-9.237894538311437,3.0,3.0
5575,8.0,호흡하기,1754474028063.474,0.0,5.950616131509271,4.0,4.0
5640,3.0,화 먹는 요정,1754474431721.169,-1.0,-36.3420814723125,5.0,4.0
5666,3.0,"지금, 나 때문일까?",1754476288703.734,2.0,24.005169755996306,1.0,1.0
5667,12.0,지금 듣고 싶은 말,1754476304848.263,-1.0,-24.588697042506112,5.0,4.0
5669,9.0,당 충전하기,1754476355368.701,-2.0,-15.419839549839715,5.0,4.0
5674,4.0,스트레칭,1754476696407.999,-3.0,16.230689021716188,4.0,3.0
5678,18.0,화 먹는 요정,1754477403864.019,0.0,58.16708085943006,5.0,5.0
5672,1.0,지금 듣고 싶은 말,1754479068761.524,0.0,26.157703140375475,3.0,2.0
5698,20.0,화 먹는 요정,1754479671277.8691,-1.0,23.337727650434502,4.0,4.0
5714,20.0,당 충전하기,1754481242148.165,-1.0,-42.39907719916462,4.0,4.0
5720,20.0,지금 듣고 싶은 말,1754481907016.692,-2.0,-24.616885192057765,4.0,4.0
5744,20.0,스트레칭,1754484246251.593,-1.0,-17.837943004452825,4.0,4.0
5748,20.0,나 잘했지?,1754484698038.998,-1.0,46.69242564953019,4.0,4.0
5754,1.0,지금 듣고 싶은 말,1754485274411.693,0.0,-281.6025986494866,2.0,2.0
5759,1.0,"지금, 나 때문일까?",1754485938369.996,0.0,-153.21775271145333,2.0,2.0
5765,13.0,당 충전하기,1754486738861.978,0.0,-24.149048773566562,3.0,3.0
5780,18.0,스트레칭,1754487277604.094,2.0,47.17885013122708,1.0,1.0
5781,1.0,스트레칭,1754487297784.949,-1.0,-13.187010476542113,4.0,4.0
5783,3.0,나 잘했지?,1754487361040.0452,-1.0,-9.09140401000952,5.0,4.0
5807,20.0,화 먹는 요정,1754490166161.022,0.0,-6.213239351412589,4.0,4.0
5811,14.0,"지금, 나 때문일까?",1754490429781.069,-1.0,-25.00099241029796,2.0,2.0
5813,1.0,나 잘했지?,1754490507498.7551,0.0,-3.78397610029765,3.0,2.0
5820,10.0,지금 듣고 싶은 말,1754490671345.969,0.0,13.644302759822423,3.0,3.0
5823,13.0,"지금, 나 때문일까?",1754490745502.686,0.0,-79.05669554625044,2.0,3.0
5831,19.0,지금 듣고 싶은 말,1754491400348.234,0.0,-42.598937576251245,2.0,2.0
5832,13.0,나를 지켜줘,1754491412934.808,-1.0,-26.801768095687322,4.0,4.0
5835,11.0,"지금, 나 때문일까?",1754491459258.935,-2.0,22.05256144946172,2.0,2.0
5845,8.0,화 먹는 요정,1754492574901.332,-1.0,-7.376883632039409,3.0,3.0
5847,16.0,"지금, 나 때문일까?",1754492672705.72,0.0,-7.17846718217897,3.0,3.0
5852,19.0,스트레칭,1754492822670.953,-1.0,-95.08394364678338,3.0,3.0
5853,7.0,당 충전하기,1754492862352.184,0.0,16.082787907122196,4.0,4.0
5857,10.0,스트레칭,1754493087875.324,-1.0,19.79977849574432,4.0,4.0
5860,7.0,스트레칭,1754493262521.927,0.0,7.927275819113717,4.0,4.0
5862,19.0,나를 지켜줘,1754493405678.526,-1.0,-165.95544505336548,3.0,3.0
5711,6.0,호흡하기,1754493707699.095,-1.0,10.64676216608148,4.0,4.0
5729,13.0,나 잘했지?,1754493775330.87,1.0,-70.65637276816204,1.0,2.0
5889,16.0,당 충전하기,1754493869172.5352,0.0,-7.212492883233729,3.0,3.0
5913,7.0,호흡하기,1754494214341.226,0.0,2.6889128795989663,4.0,4.0
5917,9.0,화 먹는 요정,1754494495726.5862,0.0,-10.337047458168584,3.0,3.0
5920,10.0,당 충전하기,1754494537505.167,-2.0,-60.83806669515863,4.0,3.0
5921,7.0,지금 듣고 싶은 말,1754494568632.439,0.0,15.127349862411887,4.0,4.0
5923,18.0,당 충전하기,1754494620813.006,0.0,93.8680671071036,1.0,1.0
5926,13.0,나를 지켜줘,1754494638299.144,-2.0,-33.8196381628523,4.0,4.0
5827,7.0,나 잘했지?,1754494720434.464,0.0,-12.818596587126958,4.0,4.0
5931,19.0,당 충전하기,1754494840186.676,-1.0,-44.16949363625841,2.0,2.0
5949,10.0,화 먹는 요정,1754495052427.165,1.0,-11.79806915486649,2.0,2.0
5951,12.0,당 충전하기,1754495248908.722,-1.0,-18.440275139497004,4.0,3.0
5956,13.0,호흡하기,1754495469238.228,0.0,-126.41753949464567,2.0,2.0
5965,13.0,지금 듣고 싶은 말,1754496106678.662,0.0,-11.016661701111644,1.0,1.0
5848,2.0,나 잘했지?,1754496148986.485,0.0,-22.763561383485914,4.0,4.0
6007,2.0,지금 듣고 싶은 말,1754496286189.538,1.0,37.25129169091668,3.0,3.0
6009,13.0,스트레칭,1754496377531.532,1.0,30.12108586861214,1.0,1.0
6014,6.0,스트레칭,1754496668589.891,0.0,5.738541443961914,3.0,3.0
6015,1.0,당 충전하기,1754496701681.558,0.0,35.35057748892132,4.0,3.0
6017,2.0,나 잘했지?,1754496735845.803,-1.0,-23.897412413317674,3.0,3.0
6022,10.0,호흡하기,1754497077333.969,-1.0,-149.46761232305045,4.0,4.0
6024,19.0,나 잘했지?,1754497290188.596,-2.0,-194.12749136759774,2.0,2.0
6034,16.0,호흡하기,1754498988721.442,-1.0,-12.962503041163316,3.0,3.0
6036,2.0,"지금, 나 때문일까?",1754499344185.5,0.0,-23.827225156187374,3.0,3.0
6041,11.0,당 충전하기,1754499960857.685,-3.0,20.97871524151367,4.0,4.0
6042,2.0,호흡하기,1754500003239.253,-1.0,-131.43327328800893,3.0,3.0
6045,11.0,호흡하기,1754500231246.539,-3.0,39.03615020879349,3.0,3.0
6049,8.0,나 잘했지?,1754500532768.4658,-1.0,37.903072537312674,2.0,2.0
6068,12.0,"지금, 나 때문일까?",1754500533665.867,-1.0,120.30195363335888,5.0,5.0
6069,19.0,화 먹는 요정,1754501168077.561,-1.0,-27.69652031856444,3.0,3.0
6078,19.0,스트레칭,1754502445870.166,-2.0,-19.642936593255627,3.0,3.0
6081,14.0,나 잘했지?,1754503150416.53,-1.0,8.854747423571425,4.0,4.0
6089,13.0,"지금, 나 때문일까?",1754505988586.7651,0.0,28.962886474884527,2.0,1.0
6091,19.0,호흡하기,1754506102242.929,-1.0,-66.40460012038498,3.0,3.0
6098,10.0,나를 지켜줘,1754511587972.318,0.0,-2.339554444345051,4.0,4.0
6105,1.0,나를 지켜줘,1754553907966.933,-1.0,1.5106958906912098,3.0,3.0
6087,1.0,호흡하기,1754554452158.392,-1.0,-45.07505149360605,4.0,4.0
6109,1.0,"지금, 나 때문일까?",1754554743000.212,0.0,-9.658215755407237,2.0,1.0
6111,1.0,화 먹는 요정,1754555083616.032,0.0,-19.418901362832358,3.0,3.0
6140,12.0,지금 듣고 싶은 말,1754558817927.449,-1.0,138.43791295569554,5.0,4.0
6178,20.0,호흡하기,1754562919761.36,-1.0,37.28185369151239,3.0,3.0
6466,1.0,당 충전하기,1754643782100.982,-1.0,5.201087048069127,3.0,2.0
6540,4.0,당 충전하기,1754650231863.2168,-1.0,-2.064885462532743,3.0,2.0
6584,6.0,당 충전하기,1754653615305.013,0.0,-26.07269338978083,3.0,3.0
6613,1.0,호흡하기,1754657047091.127,-1.0,-65.96722685990807,4.0,4.0
6640,1.0,지금 듣고 싶은 말,1754659826430.165,-1.0,-52.16063001299857,3.0,2.0
6647,1.0,나를 지켜줘,1754660259559.893,-1.0,-14.67224879743981,3.0,3.0
6664,4.0,나 잘했지?,1754661479929.781,0.0,-148.2930546728028,2.0,2.0
6707,6.0,호흡하기,1754663372329.6582,-1.0,-38.47337804811902,4.0,4.0
6770,6.0,지금 듣고 싶은 말,1754667987320.845,0.0,28.250875925098022,2.0,2.0
6777,1.0,나 잘했지?,1754668540996.3892,-1.0,42.51474766775296,3.0,3.0
6817,4.0,지금 듣고 싶은 말,1754674297537.37,-1.0,-256.1394457666137,3.0,4.0
6861,6.0,스트레칭,1754681307095.424,0.0,-8.168719078611637,2.0,2.0
6878,4.0,당 충전하기,1754733776662.53,0.0,-117.01310762367925,3.0,3.0
6886,4.0,"지금, 나 때문일까?",1754737499626.729,0.0,-22.622644961976764,3.0,2.0
6889,4.0,화 먹는 요정,1754738808171.347,-2.0,-15.883238912472919,3.0,4.0
6898,4.0,호흡하기,1754743764885.895,-2.0,-14.041548183186862,4.0,3.0
6906,4.0,스트레칭,1754750622219.0872,-1.0,-94.39249209498043,3.0,4.0
6588,4.0,나 잘했지?,1754754270550.334,0.0,-21.2304975428941,2.0,2.0
6915,4.0,지금 듣고 싶은 말,1754755389201.974,-2.0,-65.6036850840431,3.0,4.0
6942,4.0,나 잘했지?,1754900669332.4631,0.0,-49.37348648946719,2.0,2.0
7028,4.0,당 충전하기,1754906904944.723,0.0,-43.039527570679304,2.0,2.0
7039,6.0,나를 지켜줘,1754907552431.422,-1.0,8.436304176002956,5.0,5.0
7048,4.0,지금 듣고 싶은 말,1754908156112.205,-1.0,-10.849890671988021,3.0,3.0
7071,6.0,화 먹는 요정,1754910505777.7002,0.0,60.02447212005879,3.0,3.0
7162,6.0,지금 듣고 싶은 말,1754921401703.642,0.0,-9.694735686876236,2.0,2.0
7172,12.0,스트레칭,1754922479523.762,-4.0,96.59705216534562,5.0,5.0
7179,6.0,당 충전하기,1754923365167.795,0.0,19.196842046012954,3.0,3.0
7189,4.0,스트레칭,1754925260451.202,0.0,-312.01083232496455,3.0,2.0
7193,4.0,화 먹는 요정,1754925750533.374,-1.0,-7.017770518121402,3.0,3.0
7209,4.0,호흡하기,1754927274420.174,0.0,-0.529197954066781,2.0,1.0
7505,6.0,나 잘했지?,1755004718117.119,-1.0,1.455843077324765,3.0,3.0
7524,6.0,화 먹는 요정,1755005358805.87,0.0,-30.20844640320859,3.0,3.0
7561,6.0,호흡하기,1755009635608.572,-1.0,-57.42937052342371,4.0,4.0
7595,4.0,"지금, 나 때문일까?",1755014449983.4932,0.0,-84.87196546692917,2.0,2.0
7738,4.0,나를 지켜줘,1755079974049.364,1.0,-8.334536744252674,2.0,2.0
7745,4.0,지금 듣고 싶은 말,1755080521722.214,-2.0,-157.52143484415149,3.0,3.0
7605,6.0,스트레칭,1755082289969.702,-1.0,-1.317934348462316,3.0,3.0
7760,6.0,"지금, 나 때문일까?",1755082785696.0051,0.0,-37.72177717028637,2.0,2.0
7855,4.0,나 잘했지?,1755093457115.646,-1.0,-5.523305365646472,2.0,2.0
7917,4.0,당 충전하기,1755097827199.1318,-2.0,21.249670906531477,3.0,3.0
8206,6.0,"지금, 나 때문일까?",1755177127495.412,-1.0,59.33282527836096,2.0,2.0
8264,6.0,화 먹는 요정,1755182285862.426,-1.0,-10.868708922767297,3.0,3.0
8307,6.0,스트레칭,1755184842715.48,-1.0,0.5998037278737058,3.0,3.0
8327,1.0,화 먹는 요정,1755186654073.537,-1.0,-53.171851422288015,2.0,2.0
8368,1.0,"지금, 나 때문일까?",1755189955677.7148,0.0,-0.6416502432484634,2.0,2.0
8397,6.0,지금 듣고 싶은 말,1755197654315.716,0.0,0.7882815189920223,3.0,3.0
5471,6.0,호흡하기,1755340953002.514,-1.0,-4.042008489404836,3.0,3.0
5892,16.0,나를 지켜줘,1755426397625.652,0.0,0.6130630818004477,3.0,3.0
6752,16.0,호흡하기,1755592289132.4548,0.0,-13.496240342516032,3.0,3.0
5475,3.0,나 잘했지?,1755597349130.6108,-1.0,63.61673772162118,5.0,4.0
6296,16.0,나를 지켜줘,1755599438426.766,0.0,-16.0737861296315,3.0,3.0
7082,3.0,스트레칭,1755602705298.679,-1.0,43.71266263760754,5.0,4.0
7805,13.0,지금 듣고 싶은 말,1755604252773.219,0.0,-31.763112422444905,3.0,2.0
7865,11.0,지금 듣고 싶은 말,1755604395065.929,-1.0,-148.2935826140435,2.0,2.0
6366,16.0,화 먹는 요정,1755609182980.727,0.0,9.869290181192582,3.0,3.0
6958,11.0,나를 지켜줘,1755610864015.905,-2.0,-24.047626587232827,2.0,2.0
7148,11.0,화 먹는 요정,1755611798501.939,-2.0,-42.32637820723846,3.0,3.0
7403,16.0,스트레칭,1755612162284.5251,0.0,-9.469662971776074,3.0,3.0
7823,13.0,지금 듣고 싶은 말,1755613591434.542,-1.0,-149.71473895583517,3.0,4.0
8346,15.0,지금 듣고 싶은 말,1755614352258.2222,-3.0,-111.10299923714608,4.0,3.0
5974,11.0,스트레칭,1755616621354.7751,-1.0,-224.37971463653383,3.0,3.0
6057,15.0,화 먹는 요정,1755617446616.0251,-1.0,-8.827677605373452,4.0,3.0
7404,11.0,지금 듣고 싶은 말,1755618865370.604,-2.0,-79.87741326136143,2.0,2.0
7841,15.0,나 잘했지?,1755619432273.622,1.0,17.517581980273974,3.0,4.0
7937,15.0,"지금, 나 때문일까?",1755619742899.434,0.0,-11.407224147542223,4.0,3.0
5939,11.0,나 잘했지?,1755621764067.388,-2.0,-64.3417305584502,3.0,3.0
5997,13.0,화 먹는 요정,1755621977453.6929,0.0,-79.98289937053772,3.0,1.0
6190,3.0,나 잘했지?,1755622087358.204,-1.0,-40.3073969098518,5.0,4.0
6567,3.0,"지금, 나 때문일까?",1755623585953.623,2.0,-1.6766091407543655,1.0,1.0
6756,11.0,호흡하기,1755624746094.2158,-3.0,126.38547059259217,3.0,3.0
7085,13.0,당 충전하기,1755624881367.134,-1.0,-12.136612537553702,4.0,3.0
7405,15.0,나를 지켜줘,1755627115941.416,-3.0,0.21619470400513308,4.0,3.0
7407,2.0,당 충전하기,1755685046197.71,0.0,-61.60698040478627,4.0,4.0
7623,2.0,지금 듣고 싶은 말,1755685759838.5962,0.0,-8.474622199578178,4.0,4.0
5512,2.0,호흡하기,1755688760072.701,-1.0,-43.17558769558508,4.0,4.0
6061,2.0,나를 지켜줘,1755689676475.586,0.0,-43.510804204255244,4.0,4.0
6370,2.0,나 잘했지?,1755690048391.22,0.0,-24.186081243968516,3.0,3.0
6758,2.0,"지금, 나 때문일까?",1755690817461.162,-1.0,-33.88335661656727,3.0,3.0
7324,3.0,나 잘했지?,1755691563190.836,-1.0,44.39995299647285,4.0,3.0
7358,2.0,당 충전하기,1755691616092.729,0.0,14.340122068407993,3.0,3.0
7710,13.0,나를 지켜줘,1755692414328.944,-1.0,-13.61734453666832,4.0,4.0
8350,15.0,당 충전하기,1755695326161.179,0.0,38.9762375085987,4.0,3.0
5513,11.0,당 충전하기,1755695510520.25,-2.0,-196.40003234404875,3.0,3.0
5883,3.0,당 충전하기,1755697642911.741,-1.0,9.992749512874255,4.0,4.0
5942,3.0,나 잘했지?,1755699034966.3308,-1.0,-84.13033573197481,5.0,4.0
6000,3.0,지금 듣고 싶은 말,1755699215827.205,0.0,-31.818556434111073,3.0,3.0
6371,2.0,스트레칭,1755699750804.454,0.0,-23.115962584549095,3.0,3.0
6689,2.0,당 충전하기,1755700349627.333,0.0,10.024128404704896,3.0,3.0
7088,2.0,스트레칭,1755700804193.7468,0.0,-35.88064039962771,3.0,3.0
7410,2.0,"지금, 나 때문일까?",1755701397215.3972,0.0,16.365859043986205,3.0,3.0
7871,2.0,호흡하기,1755701923829.8308,0.0,-152.89708542693108,3.0,3.0
8053,3.0,호흡하기,1755702470786.2568,-1.0,-25.091068408685537,5.0,5.0
5884,13.0,"지금, 나 때문일까?",1755702748620.516,1.0,-123.93902907485763,2.0,2.0
6372,2.0,나를 지켜줘,1755703348859.6228,0.0,-18.321332806437837,3.0,3.0
6760,11.0,화 먹는 요정,1755703711034.139,-2.0,-14.656736779399282,3.0,3.0
8297,15.0,나를 지켜줘,1755705523236.613,0.0,-18.22657865644075,4.0,4.0
5453,15.0,호흡하기,1755705962897.43,0.0,62.691875445842896,4.0,3.0
5905,11.0,나를 지켜줘,1755706452820.422,0.0,52.46328733358031,2.0,2.0
6373,3.0,화 먹는 요정,1755707770978.7678,-1.0,1.3680423376326445,5.0,5.0
7090,13.0,화 먹는 요정,1755708616724.3608,0.0,-20.998311000497083,3.0,2.0
7414,3.0,"지금, 나 때문일까?",1755710057060.761,2.0,-18.026628655435502,1.0,1.0
8299,16.0,스트레칭,1755710502662.025,0.0,-25.980249596895717,3.0,2.0
5531,16.0,나를 지켜줘,1755712073255.878,0.0,-10.72144953785483,3.0,3.0
6003,11.0,나 잘했지?,1755713216928.8809,-1.0,14.91549660460845,2.0,2.0
6571,11.0,스트레칭,1755772488943.462,-1.0,-223.9481026042185,3.0,3.0
6970,16.0,화 먹는 요정,1755774594895.62,0.0,-32.99195749797598,3.0,3.0
7945,11.0,화 먹는 요정,1755776467812.6138,-1.0,-8.190975311340694,3.0,3.0
8484,13.0,호흡하기,1755776851832.425,-2.0,-10.412699311136677,4.0,4.0
6005,15.0,"지금, 나 때문일까?",1755776954435.954,-1.0,25.442860134693774,4.0,3.0
6377,16.0,스트레칭,1755777429583.7031,0.0,-60.08132189316997,3.0,3.0
6820,13.0,지금 듣고 싶은 말,1755778106628.736,1.0,-45.45872284777421,1.0,1.0
6838,16.0,나 잘했지?,1755783738128.87,0.0,21.41692399393815,3.0,3.0
7095,13.0,스트레칭,1755784146166.75,-2.0,59.70404004867577,4.0,4.0
7255,13.0,화 먹는 요정,1755786248814.6912,0.0,-66.09985967011102,3.0,2.0
7948,11.0,지금 듣고 싶은 말,1755788336733.447,-2.0,172.75542866641547,2.0,2.0
8091,11.0,나 잘했지?,1755789779842.774,-2.0,24.722975233587604,2.0,2.0
8283,15.0,호흡하기,1755790574600.65,0.0,-78.62045436768389,3.0,3.0
8506,2.0,나를 지켜줘,1755792409087.963,0.0,38.33985190003261,4.0,4.0
8508,2.0,나 잘했지?,1755792859472.524,0.0,18.34277477508516,3.0,3.0
8302,16.0,나를 지켜줘,1755793820631.225,0.0,-206.79897425320235,3.0,3.0
5907,11.0,"지금, 나 때문일까?",1755798649635.479,-1.0,-0.5106052590454198,2.0,2.0
6006,2.0,호흡하기,1755798926007.216,0.0,37.650983394613434,3.0,3.0
6201,2.0,지금 듣고 싶은 말,1755799427647.2131,0.0,33.251699908663554,3.0,3.0
8531,2.0,화 먹는 요정,1755801380762.039,0.0,-51.445292050568625,3.0,3.0
8538,13.0,나를 지켜줘,1755851829650.101,-1.0,-146.14640887507474,3.0,4.0
8584,11.0,나를 지켜줘,1755860660600.495,-2.0,34.04256848247694,2.0,2.0
8586,2.0,스트레칭,1755860903954.5972,0.0,-48.26415138624212,3.0,3.0
8594,2.0,지금 듣고 싶은 말,1755862426159.794,0.0,17.00549486165889,3.0,3.0
8602,3.0,나를 지켜줘,1755864412224.683,-1.0,38.33405548458741,5.0,5.0
8605,2.0,호흡하기,1755865156872.652,0.0,-14.377236549438223,3.0,3.0
8614,15.0,지금 듣고 싶은 말,1755867618776.247,-2.0,-58.98893771810489,4.0,3.0
